Graph_ID,to,from
0,101,0
0,106,0
0,109,0
0,110,0
0,111,0
0,112,0
0,119,0
0,122,0
0,126,0
0,129,0
0,130,0
0,131,0
0,132,0
0,133,0
0,137,0
0,138,0
0,139,0
0,141,0
0,142,0
0,143,0
0,144,0
0,146,0
0,148,0
0,153,0
0,154,0
0,157,0
0,158,0
0,159,0
0,161,0
0,162,0
0,164,0
0,168,0
0,169,0
0,170,0
0,174,0
0,176,0
0,181,0
0,182,0
0,184,0
0,185,0
0,187,0
0,189,0
0,190,0
0,191,0
0,192,0
0,193,0
0,197,0
0,198,0
0,102,1
0,105,1
0,106,1
0,107,1
0,108,1
0,109,1
0,110,1
0,111,1
0,113,1
0,114,1
0,117,1
0,118,1
0,119,1
0,120,1
0,123,1
0,125,1
0,127,1
0,129,1
0,131,1
0,132,1
0,134,1
0,138,1
0,140,1
0,141,1
0,142,1
0,145,1
0,150,1
0,154,1
0,158,1
0,159,1
0,161,1
0,163,1
0,164,1
0,171,1
0,172,1
0,173,1
0,174,1
0,177,1
0,178,1
0,181,1
0,186,1
0,189,1
0,192,1
0,194,1
0,196,1
0,197,1
0,198,1
0,100,2
0,101,2
0,103,2
0,106,2
0,107,2
0,108,2
0,112,2
0,113,2
0,122,2
0,124,2
0,126,2
0,130,2
0,131,2
0,133,2
0,136,2
0,138,2
0,140,2
0,141,2
0,143,2
0,145,2
0,152,2
0,154,2
0,155,2
0,157,2
0,158,2
0,159,2
0,162,2
0,167,2
0,168,2
0,169,2
0,180,2
0,183,2
0,184,2
0,186,2
0,187,2
0,188,2
0,192,2
0,195,2
0,198,2
0,100,3
0,101,3
0,102,3
0,104,3
0,105,3
0,109,3
0,111,3
0,112,3
0,113,3
0,117,3
0,118,3
0,119,3
0,120,3
0,122,3
0,125,3
0,126,3
0,128,3
0,130,3
0,133,3
0,134,3
0,136,3
0,139,3
0,141,3
0,142,3
0,146,3
0,147,3
0,148,3
0,149,3
0,150,3
0,151,3
0,152,3
0,153,3
0,155,3
0,156,3
0,157,3
0,160,3
0,161,3
0,162,3
0,164,3
0,165,3
0,166,3
0,169,3
0,173,3
0,174,3
0,177,3
0,181,3
0,182,3
0,184,3
0,187,3
0,197,3
0,101,4
0,105,4
0,107,4
0,109,4
0,110,4
0,112,4
0,114,4
0,117,4
0,118,4
0,119,4
0,120,4
0,128,4
0,129,4
0,131,4
0,132,4
0,133,4
0,135,4
0,136,4
0,137,4
0,144,4
0,145,4
0,148,4
0,152,4
0,153,4
0,155,4
0,159,4
0,162,4
0,164,4
0,165,4
0,167,4
0,169,4
0,170,4
0,171,4
0,173,4
0,175,4
0,179,4
0,180,4
0,181,4
0,183,4
0,184,4
0,185,4
0,186,4
0,187,4
0,190,4
0,192,4
0,193,4
0,194,4
0,199,4
0,100,5
0,101,5
0,102,5
0,105,5
0,106,5
0,109,5
0,110,5
0,115,5
0,116,5
0,117,5
0,118,5
0,119,5
0,121,5
0,123,5
0,124,5
0,134,5
0,136,5
0,137,5
0,138,5
0,139,5
0,140,5
0,141,5
0,144,5
0,146,5
0,147,5
0,148,5
0,150,5
0,153,5
0,155,5
0,157,5
0,161,5
0,162,5
0,163,5
0,165,5
0,166,5
0,170,5
0,171,5
0,172,5
0,175,5
0,177,5
0,178,5
0,179,5
0,180,5
0,186,5
0,192,5
0,197,5
0,198,5
0,101,6
0,102,6
0,103,6
0,104,6
0,105,6
0,106,6
0,108,6
0,109,6
0,110,6
0,111,6
0,113,6
0,115,6
0,116,6
0,117,6
0,118,6
0,120,6
0,122,6
0,124,6
0,125,6
0,127,6
0,129,6
0,132,6
0,134,6
0,136,6
0,137,6
0,140,6
0,147,6
0,149,6
0,152,6
0,158,6
0,160,6
0,164,6
0,167,6
0,168,6
0,169,6
0,171,6
0,179,6
0,181,6
0,185,6
0,186,6
0,187,6
0,189,6
0,193,6
0,194,6
0,197,6
0,103,7
0,106,7
0,110,7
0,113,7
0,114,7
0,115,7
0,116,7
0,117,7
0,120,7
0,121,7
0,123,7
0,124,7
0,125,7
0,127,7
0,128,7
0,129,7
0,134,7
0,139,7
0,141,7
0,142,7
0,143,7
0,144,7
0,145,7
0,148,7
0,149,7
0,153,7
0,154,7
0,155,7
0,160,7
0,161,7
0,163,7
0,165,7
0,169,7
0,172,7
0,173,7
0,174,7
0,178,7
0,179,7
0,183,7
0,184,7
0,185,7
0,188,7
0,197,7
0,198,7
0,100,8
0,101,8
0,102,8
0,104,8
0,106,8
0,108,8
0,111,8
0,113,8
0,115,8
0,121,8
0,123,8
0,125,8
0,126,8
0,127,8
0,129,8
0,132,8
0,134,8
0,137,8
0,139,8
0,140,8
0,141,8
0,143,8
0,149,8
0,150,8
0,151,8
0,153,8
0,154,8
0,155,8
0,156,8
0,157,8
0,158,8
0,159,8
0,164,8
0,165,8
0,166,8
0,168,8
0,169,8
0,172,8
0,173,8
0,174,8
0,175,8
0,176,8
0,180,8
0,182,8
0,183,8
0,189,8
0,190,8
0,192,8
0,193,8
0,194,8
0,195,8
0,196,8
0,197,8
0,198,8
0,199,8
0,100,9
0,101,9
0,102,9
0,104,9
0,106,9
0,108,9
0,110,9
0,112,9
0,113,9
0,114,9
0,115,9
0,116,9
0,120,9
0,121,9
0,122,9
0,125,9
0,131,9
0,134,9
0,136,9
0,138,9
0,140,9
0,143,9
0,144,9
0,149,9
0,150,9
0,151,9
0,152,9
0,153,9
0,158,9
0,161,9
0,163,9
0,165,9
0,169,9
0,170,9
0,171,9
0,175,9
0,176,9
0,177,9
0,180,9
0,181,9
0,183,9
0,184,9
0,186,9
0,187,9
0,188,9
0,190,9
0,192,9
0,193,9
0,195,9
0,196,9
0,197,9
0,198,9
0,100,10
0,102,10
0,103,10
0,104,10
0,105,10
0,107,10
0,108,10
0,110,10
0,112,10
0,113,10
0,115,10
0,120,10
0,121,10
0,123,10
0,125,10
0,127,10
0,129,10
0,132,10
0,136,10
0,137,10
0,138,10
0,139,10
0,141,10
0,145,10
0,146,10
0,147,10
0,149,10
0,155,10
0,156,10
0,157,10
0,158,10
0,159,10
0,160,10
0,164,10
0,166,10
0,167,10
0,168,10
0,177,10
0,179,10
0,180,10
0,181,10
0,183,10
0,184,10
0,185,10
0,188,10
0,190,10
0,192,10
0,194,10
0,196,10
0,197,10
0,199,10
0,101,11
0,103,11
0,106,11
0,109,11
0,112,11
0,113,11
0,114,11
0,115,11
0,117,11
0,118,11
0,119,11
0,120,11
0,122,11
0,126,11
0,128,11
0,129,11
0,135,11
0,136,11
0,138,11
0,141,11
0,142,11
0,145,11
0,146,11
0,147,11
0,149,11
0,151,11
0,152,11
0,153,11
0,154,11
0,155,11
0,158,11
0,160,11
0,161,11
0,163,11
0,164,11
0,165,11
0,166,11
0,167,11
0,168,11
0,169,11
0,170,11
0,172,11
0,175,11
0,177,11
0,179,11
0,181,11
0,184,11
0,188,11
0,189,11
0,195,11
0,198,11
0,100,12
0,101,12
0,105,12
0,110,12
0,112,12
0,114,12
0,115,12
0,117,12
0,119,12
0,120,12
0,121,12
0,122,12
0,123,12
0,125,12
0,126,12
0,128,12
0,129,12
0,130,12
0,131,12
0,133,12
0,134,12
0,135,12
0,137,12
0,138,12
0,140,12
0,147,12
0,149,12
0,151,12
0,154,12
0,157,12
0,161,12
0,162,12
0,164,12
0,169,12
0,170,12
0,172,12
0,174,12
0,176,12
0,177,12
0,180,12
0,181,12
0,182,12
0,184,12
0,185,12
0,186,12
0,189,12
0,191,12
0,192,12
0,194,12
0,195,12
0,198,12
0,199,12
0,102,13
0,103,13
0,104,13
0,106,13
0,107,13
0,113,13
0,114,13
0,123,13
0,125,13
0,129,13
0,137,13
0,138,13
0,141,13
0,143,13
0,146,13
0,147,13
0,150,13
0,151,13
0,152,13
0,154,13
0,155,13
0,157,13
0,159,13
0,160,13
0,164,13
0,165,13
0,167,13
0,168,13
0,169,13
0,170,13
0,172,13
0,174,13
0,180,13
0,181,13
0,182,13
0,189,13
0,190,13
0,191,13
0,192,13
0,101,14
0,103,14
0,104,14
0,106,14
0,107,14
0,108,14
0,109,14
0,111,14
0,112,14
0,113,14
0,116,14
0,117,14
0,118,14
0,119,14
0,120,14
0,121,14
0,122,14
0,125,14
0,129,14
0,130,14
0,132,14
0,134,14
0,135,14
0,138,14
0,139,14
0,140,14
0,142,14
0,145,14
0,146,14
0,147,14
0,149,14
0,153,14
0,157,14
0,158,14
0,161,14
0,163,14
0,165,14
0,166,14
0,169,14
0,170,14
0,175,14
0,177,14
0,178,14
0,179,14
0,183,14
0,185,14
0,187,14
0,190,14
0,192,14
0,195,14
0,196,14
0,199,14
0,100,15
0,101,15
0,102,15
0,105,15
0,106,15
0,108,15
0,109,15
0,113,15
0,116,15
0,117,15
0,120,15
0,121,15
0,125,15
0,126,15
0,129,15
0,130,15
0,131,15
0,132,15
0,134,15
0,135,15
0,139,15
0,141,15
0,142,15
0,145,15
0,147,15
0,148,15
0,151,15
0,154,15
0,157,15
0,159,15
0,160,15
0,161,15
0,163,15
0,164,15
0,165,15
0,167,15
0,168,15
0,169,15
0,172,15
0,173,15
0,175,15
0,177,15
0,178,15
0,179,15
0,180,15
0,181,15
0,182,15
0,183,15
0,184,15
0,187,15
0,188,15
0,189,15
0,191,15
0,194,15
0,199,15
0,101,16
0,103,16
0,107,16
0,108,16
0,109,16
0,111,16
0,112,16
0,114,16
0,120,16
0,124,16
0,125,16
0,126,16
0,128,16
0,130,16
0,132,16
0,133,16
0,134,16
0,135,16
0,137,16
0,138,16
0,141,16
0,142,16
0,143,16
0,147,16
0,149,16
0,152,16
0,155,16
0,157,16
0,159,16
0,161,16
0,164,16
0,165,16
0,168,16
0,170,16
0,174,16
0,176,16
0,179,16
0,180,16
0,181,16
0,185,16
0,187,16
0,188,16
0,190,16
0,192,16
0,194,16
0,195,16
0,198,16
0,100,17
0,102,17
0,103,17
0,104,17
0,106,17
0,109,17
0,111,17
0,112,17
0,113,17
0,115,17
0,119,17
0,121,17
0,122,17
0,123,17
0,124,17
0,125,17
0,127,17
0,129,17
0,131,17
0,134,17
0,136,17
0,137,17
0,138,17
0,139,17
0,141,17
0,142,17
0,144,17
0,145,17
0,146,17
0,148,17
0,149,17
0,155,17
0,156,17
0,158,17
0,161,17
0,162,17
0,163,17
0,166,17
0,167,17
0,169,17
0,171,17
0,172,17
0,173,17
0,178,17
0,179,17
0,180,17
0,182,17
0,183,17
0,185,17
0,186,17
0,187,17
0,188,17
0,190,17
0,192,17
0,193,17
0,194,17
0,195,17
0,104,18
0,105,18
0,106,18
0,107,18
0,108,18
0,112,18
0,113,18
0,117,18
0,118,18
0,122,18
0,126,18
0,130,18
0,131,18
0,133,18
0,134,18
0,136,18
0,137,18
0,139,18
0,140,18
0,143,18
0,149,18
0,150,18
0,152,18
0,153,18
0,158,18
0,159,18
0,162,18
0,163,18
0,164,18
0,165,18
0,167,18
0,169,18
0,171,18
0,173,18
0,175,18
0,176,18
0,177,18
0,179,18
0,180,18
0,181,18
0,186,18
0,188,18
0,190,18
0,191,18
0,192,18
0,193,18
0,195,18
0,197,18
0,102,19
0,103,19
0,108,19
0,109,19
0,111,19
0,113,19
0,118,19
0,119,19
0,121,19
0,123,19
0,127,19
0,128,19
0,134,19
0,135,19
0,136,19
0,137,19
0,138,19
0,139,19
0,140,19
0,142,19
0,144,19
0,145,19
0,147,19
0,148,19
0,149,19
0,152,19
0,154,19
0,156,19
0,158,19
0,163,19
0,164,19
0,165,19
0,166,19
0,167,19
0,169,19
0,170,19
0,171,19
0,175,19
0,176,19
0,180,19
0,181,19
0,183,19
0,187,19
0,190,19
0,191,19
0,194,19
0,196,19
0,197,19
0,199,19
0,101,20
0,102,20
0,105,20
0,107,20
0,109,20
0,114,20
0,116,20
0,117,20
0,119,20
0,122,20
0,124,20
0,125,20
0,126,20
0,127,20
0,128,20
0,129,20
0,131,20
0,134,20
0,136,20
0,145,20
0,146,20
0,147,20
0,149,20
0,150,20
0,152,20
0,156,20
0,160,20
0,162,20
0,165,20
0,166,20
0,167,20
0,168,20
0,170,20
0,171,20
0,172,20
0,174,20
0,175,20
0,176,20
0,179,20
0,181,20
0,182,20
0,183,20
0,185,20
0,186,20
0,191,20
0,192,20
0,193,20
0,194,20
0,195,20
0,196,20
0,199,20
0,100,21
0,101,21
0,102,21
0,105,21
0,107,21
0,108,21
0,109,21
0,110,21
0,115,21
0,120,21
0,122,21
0,125,21
0,126,21
0,129,21
0,130,21
0,131,21
0,132,21
0,133,21
0,134,21
0,138,21
0,140,21
0,141,21
0,143,21
0,145,21
0,147,21
0,149,21
0,150,21
0,151,21
0,152,21
0,153,21
0,154,21
0,155,21
0,156,21
0,157,21
0,158,21
0,159,21
0,164,21
0,165,21
0,167,21
0,168,21
0,170,21
0,171,21
0,174,21
0,178,21
0,181,21
0,184,21
0,188,21
0,189,21
0,195,21
0,198,21
0,101,22
0,102,22
0,103,22
0,104,22
0,105,22
0,106,22
0,108,22
0,109,22
0,110,22
0,111,22
0,115,22
0,117,22
0,118,22
0,119,22
0,120,22
0,122,22
0,123,22
0,124,22
0,125,22
0,126,22
0,128,22
0,131,22
0,132,22
0,133,22
0,134,22
0,135,22
0,137,22
0,139,22
0,140,22
0,141,22
0,142,22
0,143,22
0,144,22
0,148,22
0,150,22
0,151,22
0,152,22
0,154,22
0,156,22
0,160,22
0,162,22
0,163,22
0,164,22
0,165,22
0,167,22
0,168,22
0,174,22
0,176,22
0,178,22
0,180,22
0,182,22
0,184,22
0,186,22
0,187,22
0,189,22
0,190,22
0,196,22
0,197,22
0,105,23
0,110,23
0,111,23
0,113,23
0,115,23
0,117,23
0,119,23
0,121,23
0,123,23
0,124,23
0,126,23
0,129,23
0,130,23
0,133,23
0,136,23
0,137,23
0,139,23
0,148,23
0,149,23
0,152,23
0,153,23
0,155,23
0,156,23
0,157,23
0,158,23
0,160,23
0,161,23
0,163,23
0,164,23
0,165,23
0,166,23
0,170,23
0,171,23
0,174,23
0,177,23
0,178,23
0,180,23
0,181,23
0,183,23
0,190,23
0,192,23
0,195,23
0,198,23
0,104,24
0,105,24
0,110,24
0,111,24
0,113,24
0,114,24
0,117,24
0,118,24
0,119,24
0,121,24
0,122,24
0,123,24
0,125,24
0,127,24
0,135,24
0,139,24
0,141,24
0,143,24
0,145,24
0,148,24
0,150,24
0,151,24
0,152,24
0,154,24
0,155,24
0,156,24
0,159,24
0,161,24
0,163,24
0,166,24
0,167,24
0,168,24
0,172,24
0,174,24
0,176,24
0,178,24
0,181,24
0,182,24
0,183,24
0,185,24
0,187,24
0,188,24
0,189,24
0,190,24
0,191,24
0,192,24
0,193,24
0,194,24
0,195,24
0,196,24
0,198,24
0,103,25
0,106,25
0,107,25
0,110,25
0,111,25
0,113,25
0,114,25
0,116,25
0,117,25
0,118,25
0,119,25
0,120,25
0,122,25
0,123,25
0,124,25
0,125,25
0,126,25
0,128,25
0,131,25
0,133,25
0,136,25
0,138,25
0,139,25
0,140,25
0,141,25
0,142,25
0,143,25
0,145,25
0,150,25
0,151,25
0,152,25
0,155,25
0,157,25
0,158,25
0,159,25
0,160,25
0,162,25
0,167,25
0,168,25
0,171,25
0,172,25
0,174,25
0,176,25
0,181,25
0,182,25
0,184,25
0,188,25
0,189,25
0,192,25
0,194,25
0,196,25
0,198,25
0,199,25
0,101,26
0,102,26
0,104,26
0,106,26
0,107,26
0,110,26
0,113,26
0,115,26
0,118,26
0,119,26
0,124,26
0,126,26
0,128,26
0,132,26
0,133,26
0,135,26
0,140,26
0,142,26
0,143,26
0,145,26
0,146,26
0,150,26
0,154,26
0,156,26
0,159,26
0,162,26
0,164,26
0,166,26
0,167,26
0,168,26
0,169,26
0,172,26
0,175,26
0,176,26
0,177,26
0,178,26
0,179,26
0,180,26
0,181,26
0,182,26
0,183,26
0,188,26
0,192,26
0,195,26
0,197,26
0,198,26
0,199,26
0,100,27
0,101,27
0,102,27
0,104,27
0,105,27
0,106,27
0,107,27
0,108,27
0,110,27
0,111,27
0,112,27
0,115,27
0,117,27
0,118,27
0,119,27
0,120,27
0,122,27
0,124,27
0,125,27
0,126,27
0,127,27
0,130,27
0,133,27
0,135,27
0,136,27
0,138,27
0,140,27
0,141,27
0,142,27
0,145,27
0,146,27
0,149,27
0,154,27
0,156,27
0,157,27
0,160,27
0,164,27
0,166,27
0,168,27
0,171,27
0,172,27
0,173,27
0,174,27
0,175,27
0,177,27
0,178,27
0,179,27
0,180,27
0,181,27
0,182,27
0,183,27
0,187,27
0,188,27
0,189,27
0,193,27
0,196,27
0,199,27
0,100,28
0,101,28
0,105,28
0,107,28
0,108,28
0,109,28
0,110,28
0,111,28
0,114,28
0,118,28
0,119,28
0,120,28
0,125,28
0,127,28
0,129,28
0,140,28
0,141,28
0,144,28
0,145,28
0,146,28
0,148,28
0,151,28
0,152,28
0,156,28
0,158,28
0,159,28
0,160,28
0,161,28
0,162,28
0,164,28
0,165,28
0,167,28
0,168,28
0,173,28
0,174,28
0,178,28
0,179,28
0,185,28
0,186,28
0,187,28
0,189,28
0,190,28
0,192,28
0,193,28
0,194,28
0,196,28
0,199,28
0,103,29
0,104,29
0,108,29
0,114,29
0,116,29
0,118,29
0,120,29
0,121,29
0,122,29
0,123,29
0,127,29
0,128,29
0,130,29
0,133,29
0,134,29
0,136,29
0,139,29
0,140,29
0,141,29
0,147,29
0,148,29
0,151,29
0,153,29
0,155,29
0,156,29
0,157,29
0,158,29
0,159,29
0,160,29
0,161,29
0,165,29
0,166,29
0,168,29
0,174,29
0,175,29
0,181,29
0,185,29
0,187,29
0,188,29
0,189,29
0,190,29
0,191,29
0,194,29
0,196,29
0,197,29
0,198,29
0,199,29
0,100,30
0,104,30
0,105,30
0,108,30
0,109,30
0,110,30
0,111,30
0,119,30
0,121,30
0,122,30
0,124,30
0,133,30
0,134,30
0,138,30
0,142,30
0,144,30
0,145,30
0,148,30
0,149,30
0,150,30
0,152,30
0,153,30
0,154,30
0,157,30
0,158,30
0,159,30
0,162,30
0,163,30
0,164,30
0,167,30
0,171,30
0,172,30
0,174,30
0,178,30
0,179,30
0,183,30
0,184,30
0,185,30
0,186,30
0,187,30
0,188,30
0,194,30
0,195,30
0,196,30
0,198,30
0,199,30
0,101,31
0,102,31
0,105,31
0,106,31
0,107,31
0,108,31
0,110,31
0,111,31
0,112,31
0,113,31
0,115,31
0,118,31
0,119,31
0,120,31
0,122,31
0,124,31
0,125,31
0,127,31
0,128,31
0,130,31
0,132,31
0,133,31
0,134,31
0,135,31
0,137,31
0,138,31
0,139,31
0,140,31
0,142,31
0,143,31
0,144,31
0,146,31
0,148,31
0,153,31
0,155,31
0,160,31
0,161,31
0,162,31
0,166,31
0,168,31
0,169,31
0,171,31
0,173,31
0,175,31
0,179,31
0,180,31
0,182,31
0,184,31
0,185,31
0,187,31
0,189,31
0,190,31
0,191,31
0,192,31
0,194,31
0,195,31
0,196,31
0,199,31
0,101,32
0,102,32
0,104,32
0,106,32
0,107,32
0,110,32
0,111,32
0,112,32
0,114,32
0,116,32
0,119,32
0,120,32
0,121,32
0,122,32
0,127,32
0,128,32
0,130,32
0,132,32
0,134,32
0,135,32
0,137,32
0,138,32
0,140,32
0,143,32
0,145,32
0,146,32
0,147,32
0,148,32
0,149,32
0,150,32
0,151,32
0,152,32
0,153,32
0,155,32
0,164,32
0,165,32
0,167,32
0,171,32
0,172,32
0,174,32
0,178,32
0,179,32
0,181,32
0,187,32
0,188,32
0,189,32
0,190,32
0,191,32
0,194,32
0,195,32
0,196,32
0,197,32
0,198,32
0,101,33
0,102,33
0,104,33
0,105,33
0,106,33
0,107,33
0,108,33
0,109,33
0,111,33
0,114,33
0,120,33
0,122,33
0,123,33
0,124,33
0,126,33
0,127,33
0,129,33
0,130,33
0,133,33
0,135,33
0,136,33
0,137,33
0,143,33
0,145,33
0,146,33
0,147,33
0,148,33
0,150,33
0,154,33
0,155,33
0,156,33
0,157,33
0,160,33
0,161,33
0,162,33
0,163,33
0,165,33
0,166,33
0,167,33
0,168,33
0,170,33
0,171,33
0,172,33
0,174,33
0,176,33
0,178,33
0,182,33
0,183,33
0,184,33
0,185,33
0,191,33
0,192,33
0,193,33
0,195,33
0,196,33
0,197,33
0,199,33
0,101,34
0,104,34
0,106,34
0,107,34
0,108,34
0,109,34
0,112,34
0,114,34
0,115,34
0,116,34
0,122,34
0,126,34
0,128,34
0,130,34
0,132,34
0,136,34
0,137,34
0,143,34
0,144,34
0,145,34
0,146,34
0,147,34
0,149,34
0,150,34
0,152,34
0,154,34
0,155,34
0,161,34
0,166,34
0,169,34
0,170,34
0,171,34
0,173,34
0,174,34
0,175,34
0,176,34
0,177,34
0,178,34
0,179,34
0,180,34
0,184,34
0,185,34
0,186,34
0,187,34
0,189,34
0,191,34
0,193,34
0,196,34
0,197,34
0,199,34
0,100,35
0,101,35
0,102,35
0,105,35
0,106,35
0,110,35
0,113,35
0,114,35
0,120,35
0,122,35
0,123,35
0,124,35
0,128,35
0,129,35
0,130,35
0,131,35
0,136,35
0,137,35
0,138,35
0,139,35
0,140,35
0,141,35
0,142,35
0,146,35
0,150,35
0,151,35
0,153,35
0,155,35
0,157,35
0,161,35
0,165,35
0,166,35
0,167,35
0,168,35
0,170,35
0,172,35
0,174,35
0,175,35
0,177,35
0,180,35
0,181,35
0,183,35
0,184,35
0,187,35
0,188,35
0,190,35
0,193,35
0,194,35
0,195,35
0,198,35
0,100,36
0,101,36
0,104,36
0,105,36
0,106,36
0,107,36
0,108,36
0,110,36
0,111,36
0,114,36
0,117,36
0,120,36
0,121,36
0,122,36
0,123,36
0,125,36
0,126,36
0,127,36
0,128,36
0,136,36
0,139,36
0,140,36
0,144,36
0,145,36
0,146,36
0,147,36
0,148,36
0,151,36
0,155,36
0,156,36
0,157,36
0,160,36
0,161,36
0,162,36
0,165,36
0,167,36
0,168,36
0,170,36
0,171,36
0,172,36
0,174,36
0,175,36
0,176,36
0,177,36
0,178,36
0,181,36
0,183,36
0,184,36
0,185,36
0,186,36
0,192,36
0,198,36
0,100,37
0,101,37
0,102,37
0,105,37
0,109,37
0,110,37
0,111,37
0,113,37
0,114,37
0,116,37
0,117,37
0,118,37
0,119,37
0,121,37
0,122,37
0,123,37
0,125,37
0,128,37
0,129,37
0,130,37
0,135,37
0,137,37
0,139,37
0,141,37
0,143,37
0,147,37
0,149,37
0,151,37
0,153,37
0,154,37
0,155,37
0,157,37
0,162,37
0,170,37
0,171,37
0,175,37
0,177,37
0,178,37
0,179,37
0,180,37
0,181,37
0,184,37
0,185,37
0,186,37
0,188,37
0,189,37
0,190,37
0,191,37
0,192,37
0,196,37
0,198,37
0,101,38
0,104,38
0,108,38
0,109,38
0,110,38
0,116,38
0,121,38
0,122,38
0,125,38
0,127,38
0,129,38
0,130,38
0,131,38
0,137,38
0,143,38
0,147,38
0,148,38
0,149,38
0,150,38
0,152,38
0,153,38
0,154,38
0,156,38
0,157,38
0,158,38
0,160,38
0,163,38
0,164,38
0,166,38
0,167,38
0,168,38
0,170,38
0,172,38
0,179,38
0,181,38
0,185,38
0,189,38
0,192,38
0,194,38
0,195,38
0,101,39
0,102,39
0,106,39
0,107,39
0,108,39
0,110,39
0,111,39
0,113,39
0,114,39
0,116,39
0,117,39
0,118,39
0,121,39
0,123,39
0,126,39
0,127,39
0,130,39
0,131,39
0,133,39
0,136,39
0,138,39
0,141,39
0,145,39
0,146,39
0,148,39
0,149,39
0,152,39
0,160,39
0,162,39
0,163,39
0,165,39
0,166,39
0,168,39
0,170,39
0,171,39
0,172,39
0,173,39
0,174,39
0,175,39
0,177,39
0,179,39
0,180,39
0,187,39
0,190,39
0,191,39
0,192,39
0,193,39
0,194,39
0,195,39
0,196,39
0,100,40
0,107,40
0,110,40
0,114,40
0,115,40
0,116,40
0,117,40
0,119,40
0,120,40
0,123,40
0,124,40
0,125,40
0,127,40
0,128,40
0,129,40
0,131,40
0,132,40
0,134,40
0,135,40
0,141,40
0,142,40
0,143,40
0,145,40
0,148,40
0,150,40
0,151,40
0,156,40
0,160,40
0,162,40
0,163,40
0,164,40
0,165,40
0,168,40
0,170,40
0,172,40
0,175,40
0,177,40
0,180,40
0,183,40
0,184,40
0,188,40
0,189,40
0,190,40
0,191,40
0,192,40
0,194,40
0,195,40
0,102,41
0,108,41
0,109,41
0,110,41
0,115,41
0,117,41
0,119,41
0,120,41
0,121,41
0,126,41
0,128,41
0,134,41
0,135,41
0,138,41
0,139,41
0,142,41
0,143,41
0,144,41
0,146,41
0,151,41
0,158,41
0,159,41
0,161,41
0,162,41
0,164,41
0,165,41
0,166,41
0,167,41
0,168,41
0,169,41
0,170,41
0,171,41
0,172,41
0,173,41
0,174,41
0,175,41
0,176,41
0,177,41
0,178,41
0,179,41
0,181,41
0,182,41
0,184,41
0,186,41
0,187,41
0,188,41
0,189,41
0,190,41
0,191,41
0,193,41
0,194,41
0,195,41
0,198,41
0,100,42
0,101,42
0,102,42
0,103,42
0,104,42
0,105,42
0,107,42
0,108,42
0,113,42
0,114,42
0,117,42
0,118,42
0,119,42
0,120,42
0,121,42
0,123,42
0,125,42
0,126,42
0,128,42
0,129,42
0,130,42
0,135,42
0,137,42
0,139,42
0,142,42
0,143,42
0,144,42
0,146,42
0,147,42
0,150,42
0,151,42
0,152,42
0,154,42
0,155,42
0,156,42
0,157,42
0,159,42
0,160,42
0,161,42
0,162,42
0,168,42
0,169,42
0,170,42
0,171,42
0,173,42
0,180,42
0,182,42
0,183,42
0,184,42
0,186,42
0,188,42
0,189,42
0,192,42
0,193,42
0,195,42
0,196,42
0,198,42
0,199,42
0,100,43
0,103,43
0,108,43
0,110,43
0,113,43
0,114,43
0,115,43
0,116,43
0,121,43
0,122,43
0,124,43
0,127,43
0,128,43
0,129,43
0,130,43
0,132,43
0,135,43
0,137,43
0,138,43
0,139,43
0,141,43
0,145,43
0,148,43
0,150,43
0,151,43
0,153,43
0,156,43
0,159,43
0,160,43
0,161,43
0,164,43
0,165,43
0,168,43
0,173,43
0,176,43
0,177,43
0,181,43
0,182,43
0,183,43
0,186,43
0,188,43
0,190,43
0,198,43
0,100,44
0,105,44
0,106,44
0,107,44
0,110,44
0,113,44
0,115,44
0,118,44
0,119,44
0,121,44
0,122,44
0,123,44
0,124,44
0,126,44
0,127,44
0,129,44
0,130,44
0,131,44
0,135,44
0,139,44
0,140,44
0,142,44
0,146,44
0,147,44
0,148,44
0,150,44
0,153,44
0,154,44
0,156,44
0,157,44
0,160,44
0,161,44
0,162,44
0,166,44
0,167,44
0,169,44
0,170,44
0,171,44
0,174,44
0,176,44
0,177,44
0,178,44
0,179,44
0,180,44
0,181,44
0,182,44
0,183,44
0,184,44
0,186,44
0,187,44
0,188,44
0,189,44
0,191,44
0,192,44
0,193,44
0,194,44
0,198,44
0,199,44
0,101,45
0,102,45
0,104,45
0,107,45
0,108,45
0,109,45
0,110,45
0,113,45
0,114,45
0,115,45
0,119,45
0,121,45
0,122,45
0,123,45
0,124,45
0,126,45
0,127,45
0,128,45
0,129,45
0,130,45
0,131,45
0,134,45
0,135,45
0,136,45
0,139,45
0,143,45
0,146,45
0,147,45
0,150,45
0,152,45
0,153,45
0,158,45
0,159,45
0,160,45
0,166,45
0,167,45
0,168,45
0,169,45
0,170,45
0,171,45
0,177,45
0,179,45
0,182,45
0,183,45
0,184,45
0,186,45
0,188,45
0,189,45
0,192,45
0,194,45
0,100,46
0,102,46
0,103,46
0,104,46
0,107,46
0,111,46
0,112,46
0,113,46
0,116,46
0,122,46
0,123,46
0,125,46
0,126,46
0,129,46
0,130,46
0,132,46
0,133,46
0,134,46
0,135,46
0,136,46
0,137,46
0,138,46
0,143,46
0,144,46
0,146,46
0,147,46
0,148,46
0,150,46
0,151,46
0,152,46
0,154,46
0,156,46
0,157,46
0,158,46
0,159,46
0,160,46
0,161,46
0,162,46
0,163,46
0,164,46
0,165,46
0,168,46
0,170,46
0,172,46
0,173,46
0,177,46
0,180,46
0,182,46
0,183,46
0,186,46
0,187,46
0,188,46
0,189,46
0,193,46
0,195,46
0,197,46
0,198,46
0,199,46
0,100,47
0,102,47
0,106,47
0,108,47
0,110,47
0,112,47
0,116,47
0,117,47
0,118,47
0,122,47
0,123,47
0,127,47
0,128,47
0,129,47
0,131,47
0,132,47
0,134,47
0,135,47
0,138,47
0,140,47
0,141,47
0,142,47
0,144,47
0,145,47
0,146,47
0,150,47
0,152,47
0,154,47
0,156,47
0,157,47
0,158,47
0,161,47
0,163,47
0,166,47
0,167,47
0,170,47
0,171,47
0,172,47
0,173,47
0,174,47
0,179,47
0,181,47
0,184,47
0,187,47
0,188,47
0,190,47
0,191,47
0,194,47
0,196,47
0,197,47
0,100,48
0,101,48
0,102,48
0,103,48
0,104,48
0,106,48
0,108,48
0,115,48
0,120,48
0,122,48
0,125,48
0,126,48
0,128,48
0,131,48
0,135,48
0,136,48
0,137,48
0,144,48
0,146,48
0,147,48
0,148,48
0,149,48
0,156,48
0,161,48
0,165,48
0,166,48
0,167,48
0,171,48
0,173,48
0,175,48
0,177,48
0,179,48
0,181,48
0,182,48
0,184,48
0,190,48
0,191,48
0,195,48
0,196,48
0,198,48
0,101,49
0,106,49
0,107,49
0,108,49
0,114,49
0,116,49
0,121,49
0,122,49
0,125,49
0,126,49
0,127,49
0,136,49
0,137,49
0,138,49
0,141,49
0,142,49
0,143,49
0,145,49
0,146,49
0,151,49
0,152,49
0,154,49
0,158,49
0,161,49
0,162,49
0,163,49
0,164,49
0,166,49
0,167,49
0,173,49
0,174,49
0,177,49
0,178,49
0,181,49
0,184,49
0,185,49
0,188,49
0,191,49
0,192,49
0,193,49
0,195,49
0,196,49
0,197,49
0,199,49
0,100,50
0,103,50
0,108,50
0,110,50
0,111,50
0,115,50
0,116,50
0,123,50
0,127,50
0,128,50
0,130,50
0,131,50
0,134,50
0,135,50
0,136,50
0,139,50
0,141,50
0,143,50
0,146,50
0,149,50
0,150,50
0,151,50
0,155,50
0,159,50
0,160,50
0,161,50
0,162,50
0,166,50
0,167,50
0,168,50
0,169,50
0,170,50
0,173,50
0,176,50
0,182,50
0,183,50
0,184,50
0,188,50
0,191,50
0,195,50
0,196,50
0,199,50
0,100,51
0,103,51
0,105,51
0,108,51
0,109,51
0,111,51
0,112,51
0,114,51
0,115,51
0,118,51
0,120,51
0,124,51
0,126,51
0,127,51
0,130,51
0,131,51
0,132,51
0,133,51
0,135,51
0,140,51
0,141,51
0,143,51
0,146,51
0,147,51
0,151,51
0,153,51
0,155,51
0,157,51
0,159,51
0,160,51
0,161,51
0,163,51
0,165,51
0,167,51
0,168,51
0,169,51
0,170,51
0,172,51
0,173,51
0,175,51
0,176,51
0,177,51
0,178,51
0,179,51
0,180,51
0,182,51
0,183,51
0,184,51
0,186,51
0,187,51
0,188,51
0,190,51
0,192,51
0,194,51
0,197,51
0,198,51
0,100,52
0,101,52
0,103,52
0,104,52
0,106,52
0,107,52
0,110,52
0,111,52
0,113,52
0,114,52
0,115,52
0,117,52
0,119,52
0,122,52
0,123,52
0,124,52
0,126,52
0,128,52
0,131,52
0,132,52
0,133,52
0,134,52
0,135,52
0,136,52
0,139,52
0,141,52
0,143,52
0,148,52
0,150,52
0,151,52
0,152,52
0,154,52
0,156,52
0,161,52
0,164,52
0,168,52
0,170,52
0,172,52
0,176,52
0,177,52
0,178,52
0,179,52
0,181,52
0,182,52
0,184,52
0,187,52
0,188,52
0,189,52
0,193,52
0,194,52
0,196,52
0,198,52
0,199,52
0,101,53
0,104,53
0,106,53
0,111,53
0,113,53
0,117,53
0,118,53
0,119,53
0,120,53
0,122,53
0,123,53
0,124,53
0,125,53
0,126,53
0,127,53
0,128,53
0,129,53
0,130,53
0,135,53
0,138,53
0,143,53
0,144,53
0,145,53
0,146,53
0,147,53
0,148,53
0,151,53
0,155,53
0,156,53
0,161,53
0,162,53
0,163,53
0,164,53
0,165,53
0,166,53
0,168,53
0,169,53
0,171,53
0,173,53
0,174,53
0,176,53
0,177,53
0,180,53
0,183,53
0,186,53
0,187,53
0,188,53
0,189,53
0,190,53
0,192,53
0,195,53
0,196,53
0,197,53
0,100,54
0,103,54
0,105,54
0,107,54
0,111,54
0,112,54
0,113,54
0,115,54
0,118,54
0,121,54
0,122,54
0,125,54
0,126,54
0,129,54
0,130,54
0,131,54
0,133,54
0,134,54
0,135,54
0,136,54
0,137,54
0,139,54
0,141,54
0,142,54
0,143,54
0,144,54
0,147,54
0,150,54
0,151,54
0,153,54
0,154,54
0,155,54
0,157,54
0,158,54
0,159,54
0,160,54
0,161,54
0,162,54
0,165,54
0,166,54
0,170,54
0,172,54
0,175,54
0,176,54
0,180,54
0,181,54
0,182,54
0,186,54
0,189,54
0,190,54
0,191,54
0,198,54
0,101,55
0,102,55
0,103,55
0,108,55
0,109,55
0,117,55
0,118,55
0,119,55
0,120,55
0,121,55
0,122,55
0,124,55
0,126,55
0,129,55
0,130,55
0,132,55
0,134,55
0,135,55
0,136,55
0,139,55
0,146,55
0,147,55
0,148,55
0,149,55
0,150,55
0,151,55
0,152,55
0,157,55
0,161,55
0,162,55
0,163,55
0,168,55
0,170,55
0,171,55
0,172,55
0,173,55
0,174,55
0,176,55
0,184,55
0,187,55
0,189,55
0,190,55
0,192,55
0,195,55
0,196,55
0,101,56
0,102,56
0,103,56
0,104,56
0,106,56
0,107,56
0,109,56
0,111,56
0,113,56
0,116,56
0,120,56
0,125,56
0,127,56
0,128,56
0,129,56
0,133,56
0,135,56
0,137,56
0,139,56
0,140,56
0,141,56
0,143,56
0,144,56
0,145,56
0,146,56
0,149,56
0,152,56
0,153,56
0,156,56
0,161,56
0,163,56
0,166,56
0,169,56
0,170,56
0,172,56
0,176,56
0,177,56
0,181,56
0,182,56
0,187,56
0,189,56
0,192,56
0,194,56
0,196,56
0,197,56
0,100,57
0,101,57
0,102,57
0,103,57
0,104,57
0,108,57
0,110,57
0,111,57
0,112,57
0,113,57
0,114,57
0,119,57
0,121,57
0,122,57
0,123,57
0,124,57
0,126,57
0,127,57
0,129,57
0,131,57
0,132,57
0,135,57
0,137,57
0,139,57
0,140,57
0,142,57
0,144,57
0,145,57
0,156,57
0,158,57
0,159,57
0,160,57
0,161,57
0,163,57
0,165,57
0,167,57
0,168,57
0,169,57
0,172,57
0,173,57
0,174,57
0,183,57
0,187,57
0,191,57
0,193,57
0,197,57
0,198,57
0,199,57
0,102,58
0,103,58
0,106,58
0,109,58
0,111,58
0,112,58
0,114,58
0,117,58
0,118,58
0,119,58
0,123,58
0,124,58
0,126,58
0,127,58
0,128,58
0,135,58
0,136,58
0,141,58
0,142,58
0,143,58
0,145,58
0,146,58
0,148,58
0,150,58
0,152,58
0,154,58
0,155,58
0,156,58
0,158,58
0,161,58
0,162,58
0,163,58
0,164,58
0,165,58
0,166,58
0,167,58
0,169,58
0,171,58
0,174,58
0,177,58
0,178,58
0,179,58
0,181,58
0,183,58
0,186,58
0,187,58
0,191,58
0,192,58
0,195,58
0,197,58
0,198,58
0,199,58
0,100,59
0,102,59
0,103,59
0,105,59
0,106,59
0,110,59
0,112,59
0,114,59
0,116,59
0,117,59
0,119,59
0,121,59
0,124,59
0,126,59
0,128,59
0,131,59
0,132,59
0,133,59
0,135,59
0,136,59
0,138,59
0,139,59
0,140,59
0,141,59
0,143,59
0,145,59
0,146,59
0,147,59
0,149,59
0,152,59
0,154,59
0,158,59
0,161,59
0,163,59
0,165,59
0,168,59
0,169,59
0,170,59
0,171,59
0,173,59
0,174,59
0,175,59
0,176,59
0,177,59
0,180,59
0,181,59
0,183,59
0,188,59
0,190,59
0,191,59
0,192,59
0,193,59
0,196,59
0,197,59
0,100,60
0,101,60
0,104,60
0,105,60
0,106,60
0,107,60
0,108,60
0,109,60
0,110,60
0,114,60
0,118,60
0,121,60
0,123,60
0,128,60
0,131,60
0,132,60
0,136,60
0,143,60
0,147,60
0,148,60
0,149,60
0,153,60
0,156,60
0,157,60
0,158,60
0,160,60
0,167,60
0,170,60
0,171,60
0,173,60
0,175,60
0,176,60
0,178,60
0,180,60
0,183,60
0,185,60
0,186,60
0,188,60
0,189,60
0,193,60
0,194,60
0,100,61
0,101,61
0,104,61
0,106,61
0,108,61
0,113,61
0,115,61
0,118,61
0,119,61
0,120,61
0,121,61
0,124,61
0,127,61
0,128,61
0,131,61
0,132,61
0,133,61
0,135,61
0,136,61
0,137,61
0,141,61
0,143,61
0,144,61
0,145,61
0,147,61
0,148,61
0,151,61
0,152,61
0,153,61
0,156,61
0,157,61
0,159,61
0,160,61
0,161,61
0,167,61
0,169,61
0,170,61
0,171,61
0,173,61
0,175,61
0,176,61
0,181,61
0,182,61
0,187,61
0,189,61
0,192,61
0,193,61
0,194,61
0,196,61
0,197,61
0,100,62
0,103,62
0,104,62
0,105,62
0,106,62
0,107,62
0,113,62
0,117,62
0,118,62
0,121,62
0,122,62
0,123,62
0,126,62
0,128,62
0,129,62
0,131,62
0,133,62
0,134,62
0,135,62
0,139,62
0,143,62
0,144,62
0,147,62
0,151,62
0,154,62
0,155,62
0,158,62
0,160,62
0,161,62
0,162,62
0,163,62
0,165,62
0,167,62
0,170,62
0,172,62
0,173,62
0,174,62
0,176,62
0,183,62
0,185,62
0,186,62
0,190,62
0,191,62
0,192,62
0,193,62
0,195,62
0,197,62
0,198,62
0,100,63
0,103,63
0,104,63
0,107,63
0,111,63
0,112,63
0,113,63
0,115,63
0,116,63
0,117,63
0,119,63
0,121,63
0,122,63
0,123,63
0,127,63
0,128,63
0,129,63
0,131,63
0,137,63
0,138,63
0,140,63
0,141,63
0,142,63
0,143,63
0,144,63
0,145,63
0,146,63
0,150,63
0,154,63
0,158,63
0,159,63
0,160,63
0,164,63
0,165,63
0,166,63
0,167,63
0,172,63
0,173,63
0,174,63
0,176,63
0,178,63
0,181,63
0,184,63
0,185,63
0,186,63
0,189,63
0,193,63
0,195,63
0,196,63
0,197,63
0,101,64
0,102,64
0,104,64
0,106,64
0,108,64
0,109,64
0,115,64
0,116,64
0,123,64
0,124,64
0,126,64
0,127,64
0,128,64
0,129,64
0,130,64
0,131,64
0,132,64
0,134,64
0,137,64
0,139,64
0,143,64
0,144,64
0,145,64
0,146,64
0,147,64
0,150,64
0,152,64
0,153,64
0,154,64
0,155,64
0,156,64
0,157,64
0,158,64
0,161,64
0,162,64
0,163,64
0,164,64
0,165,64
0,166,64
0,171,64
0,172,64
0,175,64
0,179,64
0,181,64
0,185,64
0,187,64
0,189,64
0,191,64
0,193,64
0,194,64
0,195,64
0,197,64
0,198,64
0,199,64
0,100,65
0,101,65
0,102,65
0,103,65
0,104,65
0,105,65
0,108,65
0,110,65
0,112,65
0,113,65
0,114,65
0,115,65
0,117,65
0,121,65
0,122,65
0,125,65
0,126,65
0,131,65
0,134,65
0,137,65
0,140,65
0,142,65
0,143,65
0,144,65
0,150,65
0,152,65
0,153,65
0,154,65
0,155,65
0,157,65
0,158,65
0,159,65
0,160,65
0,161,65
0,162,65
0,163,65
0,164,65
0,166,65
0,167,65
0,168,65
0,171,65
0,172,65
0,174,65
0,175,65
0,179,65
0,180,65
0,181,65
0,182,65
0,183,65
0,185,65
0,187,65
0,191,65
0,192,65
0,193,65
0,195,65
0,196,65
0,101,66
0,104,66
0,105,66
0,109,66
0,110,66
0,111,66
0,114,66
0,115,66
0,116,66
0,117,66
0,123,66
0,128,66
0,131,66
0,133,66
0,135,66
0,137,66
0,138,66
0,139,66
0,140,66
0,145,66
0,147,66
0,149,66
0,150,66
0,151,66
0,152,66
0,153,66
0,154,66
0,158,66
0,161,66
0,162,66
0,163,66
0,166,66
0,167,66
0,169,66
0,170,66
0,173,66
0,174,66
0,176,66
0,177,66
0,180,66
0,181,66
0,183,66
0,184,66
0,188,66
0,189,66
0,191,66
0,192,66
0,195,66
0,198,66
0,199,66
0,101,67
0,102,67
0,104,67
0,107,67
0,111,67
0,112,67
0,114,67
0,117,67
0,118,67
0,119,67
0,120,67
0,121,67
0,123,67
0,124,67
0,126,67
0,127,67
0,128,67
0,131,67
0,133,67
0,134,67
0,136,67
0,140,67
0,141,67
0,143,67
0,144,67
0,148,67
0,153,67
0,154,67
0,160,67
0,162,67
0,163,67
0,166,67
0,168,67
0,169,67
0,171,67
0,173,67
0,174,67
0,175,67
0,178,67
0,179,67
0,180,67
0,182,67
0,183,67
0,192,67
0,193,67
0,195,67
0,199,67
0,100,68
0,104,68
0,109,68
0,110,68
0,112,68
0,115,68
0,132,68
0,133,68
0,134,68
0,135,68
0,136,68
0,137,68
0,138,68
0,139,68
0,142,68
0,145,68
0,146,68
0,149,68
0,151,68
0,152,68
0,153,68
0,154,68
0,158,68
0,159,68
0,160,68
0,161,68
0,164,68
0,165,68
0,167,68
0,170,68
0,171,68
0,174,68
0,176,68
0,179,68
0,185,68
0,188,68
0,191,68
0,192,68
0,193,68
0,196,68
0,102,69
0,103,69
0,107,69
0,109,69
0,110,69
0,112,69
0,113,69
0,116,69
0,117,69
0,119,69
0,121,69
0,122,69
0,123,69
0,126,69
0,127,69
0,130,69
0,131,69
0,133,69
0,136,69
0,137,69
0,138,69
0,140,69
0,141,69
0,145,69
0,149,69
0,151,69
0,152,69
0,153,69
0,156,69
0,158,69
0,159,69
0,160,69
0,164,69
0,165,69
0,166,69
0,169,69
0,170,69
0,172,69
0,173,69
0,174,69
0,176,69
0,178,69
0,179,69
0,182,69
0,183,69
0,185,69
0,186,69
0,192,69
0,196,69
0,197,69
0,100,70
0,101,70
0,104,70
0,107,70
0,108,70
0,109,70
0,110,70
0,114,70
0,119,70
0,120,70
0,121,70
0,122,70
0,123,70
0,125,70
0,127,70
0,129,70
0,130,70
0,131,70
0,133,70
0,134,70
0,135,70
0,136,70
0,137,70
0,138,70
0,139,70
0,140,70
0,141,70
0,143,70
0,144,70
0,146,70
0,150,70
0,151,70
0,152,70
0,154,70
0,155,70
0,156,70
0,157,70
0,158,70
0,159,70
0,164,70
0,166,70
0,169,70
0,175,70
0,176,70
0,177,70
0,179,70
0,180,70
0,183,70
0,184,70
0,186,70
0,188,70
0,189,70
0,191,70
0,193,70
0,194,70
0,195,70
0,196,70
0,197,70
0,199,70
0,100,71
0,104,71
0,105,71
0,107,71
0,111,71
0,113,71
0,115,71
0,116,71
0,117,71
0,118,71
0,120,71
0,122,71
0,123,71
0,125,71
0,126,71
0,127,71
0,129,71
0,130,71
0,134,71
0,135,71
0,137,71
0,139,71
0,142,71
0,146,71
0,147,71
0,148,71
0,149,71
0,150,71
0,152,71
0,153,71
0,154,71
0,156,71
0,157,71
0,159,71
0,160,71
0,161,71
0,162,71
0,165,71
0,167,71
0,169,71
0,170,71
0,172,71
0,174,71
0,177,71
0,178,71
0,179,71
0,181,71
0,182,71
0,184,71
0,186,71
0,189,71
0,191,71
0,192,71
0,194,71
0,197,71
0,198,71
0,199,71
0,101,72
0,102,72
0,103,72
0,105,72
0,106,72
0,107,72
0,109,72
0,112,72
0,114,72
0,118,72
0,120,72
0,122,72
0,124,72
0,125,72
0,126,72
0,127,72
0,129,72
0,130,72
0,131,72
0,133,72
0,135,72
0,136,72
0,137,72
0,139,72
0,141,72
0,142,72
0,144,72
0,145,72
0,147,72
0,150,72
0,159,72
0,160,72
0,163,72
0,164,72
0,167,72
0,169,72
0,170,72
0,172,72
0,173,72
0,174,72
0,176,72
0,177,72
0,179,72
0,181,72
0,183,72
0,184,72
0,187,72
0,192,72
0,194,72
0,196,72
0,197,72
0,198,72
0,199,72
0,100,73
0,101,73
0,104,73
0,106,73
0,108,73
0,110,73
0,112,73
0,114,73
0,115,73
0,116,73
0,118,73
0,119,73
0,121,73
0,122,73
0,123,73
0,124,73
0,127,73
0,128,73
0,129,73
0,131,73
0,132,73
0,134,73
0,137,73
0,138,73
0,139,73
0,140,73
0,141,73
0,143,73
0,145,73
0,146,73
0,147,73
0,149,73
0,150,73
0,151,73
0,153,73
0,158,73
0,159,73
0,160,73
0,162,73
0,164,73
0,168,73
0,170,73
0,171,73
0,172,73
0,174,73
0,175,73
0,176,73
0,179,73
0,183,73
0,188,73
0,190,73
0,191,73
0,192,73
0,193,73
0,196,73
0,198,73
0,100,74
0,103,74
0,104,74
0,105,74
0,107,74
0,110,74
0,114,74
0,115,74
0,116,74
0,120,74
0,122,74
0,123,74
0,125,74
0,128,74
0,129,74
0,130,74
0,132,74
0,136,74
0,137,74
0,138,74
0,139,74
0,141,74
0,142,74
0,144,74
0,145,74
0,148,74
0,150,74
0,153,74
0,155,74
0,160,74
0,161,74
0,163,74
0,164,74
0,167,74
0,169,74
0,173,74
0,174,74
0,175,74
0,176,74
0,177,74
0,178,74
0,179,74
0,183,74
0,187,74
0,188,74
0,192,74
0,193,74
0,195,74
0,198,74
0,102,75
0,103,75
0,104,75
0,105,75
0,107,75
0,108,75
0,116,75
0,120,75
0,121,75
0,124,75
0,125,75
0,126,75
0,127,75
0,129,75
0,131,75
0,132,75
0,136,75
0,137,75
0,141,75
0,142,75
0,145,75
0,146,75
0,147,75
0,148,75
0,149,75
0,150,75
0,154,75
0,155,75
0,156,75
0,158,75
0,159,75
0,160,75
0,161,75
0,164,75
0,165,75
0,167,75
0,169,75
0,172,75
0,173,75
0,177,75
0,180,75
0,182,75
0,183,75
0,186,75
0,189,75
0,190,75
0,192,75
0,195,75
0,196,75
0,197,75
0,100,76
0,102,76
0,104,76
0,106,76
0,109,76
0,110,76
0,111,76
0,118,76
0,120,76
0,122,76
0,127,76
0,128,76
0,129,76
0,130,76
0,134,76
0,137,76
0,140,76
0,141,76
0,142,76
0,143,76
0,145,76
0,146,76
0,147,76
0,149,76
0,150,76
0,151,76
0,152,76
0,158,76
0,160,76
0,161,76
0,163,76
0,164,76
0,165,76
0,167,76
0,169,76
0,170,76
0,172,76
0,173,76
0,175,76
0,178,76
0,179,76
0,180,76
0,182,76
0,188,76
0,193,76
0,197,76
0,100,77
0,101,77
0,104,77
0,105,77
0,107,77
0,108,77
0,110,77
0,112,77
0,114,77
0,116,77
0,121,77
0,122,77
0,123,77
0,125,77
0,126,77
0,127,77
0,128,77
0,129,77
0,130,77
0,131,77
0,132,77
0,133,77
0,134,77
0,136,77
0,137,77
0,139,77
0,140,77
0,143,77
0,144,77
0,145,77
0,146,77
0,147,77
0,150,77
0,152,77
0,153,77
0,154,77
0,157,77
0,159,77
0,160,77
0,163,77
0,164,77
0,168,77
0,169,77
0,175,77
0,181,77
0,182,77
0,183,77
0,185,77
0,190,77
0,191,77
0,194,77
0,195,77
0,196,77
0,199,77
0,100,78
0,102,78
0,104,78
0,105,78
0,106,78
0,108,78
0,109,78
0,111,78
0,112,78
0,114,78
0,118,78
0,119,78
0,121,78
0,123,78
0,124,78
0,125,78
0,130,78
0,131,78
0,134,78
0,135,78
0,136,78
0,137,78
0,139,78
0,140,78
0,142,78
0,143,78
0,144,78
0,147,78
0,148,78
0,153,78
0,154,78
0,155,78
0,156,78
0,157,78
0,160,78
0,165,78
0,166,78
0,170,78
0,171,78
0,173,78
0,175,78
0,176,78
0,177,78
0,178,78
0,180,78
0,183,78
0,184,78
0,187,78
0,190,78
0,191,78
0,192,78
0,193,78
0,195,78
0,197,78
0,100,79
0,101,79
0,102,79
0,104,79
0,106,79
0,107,79
0,108,79
0,110,79
0,116,79
0,118,79
0,122,79
0,123,79
0,126,79
0,127,79
0,131,79
0,132,79
0,135,79
0,137,79
0,138,79
0,139,79
0,143,79
0,144,79
0,146,79
0,147,79
0,148,79
0,149,79
0,152,79
0,155,79
0,156,79
0,157,79
0,158,79
0,161,79
0,165,79
0,167,79
0,168,79
0,169,79
0,170,79
0,171,79
0,172,79
0,173,79
0,176,79
0,178,79
0,183,79
0,188,79
0,189,79
0,190,79
0,191,79
0,193,79
0,194,79
0,195,79
0,196,79
0,197,79
0,199,79
0,100,80
0,101,80
0,107,80
0,108,80
0,109,80
0,110,80
0,113,80
0,115,80
0,117,80
0,118,80
0,120,80
0,122,80
0,124,80
0,125,80
0,126,80
0,127,80
0,128,80
0,130,80
0,132,80
0,134,80
0,135,80
0,136,80
0,141,80
0,143,80
0,144,80
0,147,80
0,149,80
0,150,80
0,151,80
0,152,80
0,153,80
0,154,80
0,155,80
0,156,80
0,161,80
0,162,80
0,163,80
0,166,80
0,172,80
0,177,80
0,178,80
0,179,80
0,180,80
0,182,80
0,185,80
0,186,80
0,188,80
0,189,80
0,192,80
0,196,80
0,198,80
0,102,81
0,109,81
0,110,81
0,112,81
0,113,81
0,114,81
0,115,81
0,116,81
0,117,81
0,118,81
0,123,81
0,124,81
0,125,81
0,126,81
0,128,81
0,129,81
0,131,81
0,134,81
0,135,81
0,139,81
0,141,81
0,143,81
0,146,81
0,147,81
0,148,81
0,149,81
0,151,81
0,152,81
0,153,81
0,156,81
0,157,81
0,158,81
0,159,81
0,160,81
0,161,81
0,162,81
0,165,81
0,167,81
0,168,81
0,169,81
0,170,81
0,171,81
0,172,81
0,174,81
0,175,81
0,176,81
0,180,81
0,184,81
0,187,81
0,189,81
0,190,81
0,191,81
0,192,81
0,194,81
0,195,81
0,197,81
0,198,81
0,100,82
0,101,82
0,102,82
0,105,82
0,109,82
0,111,82
0,112,82
0,113,82
0,114,82
0,116,82
0,118,82
0,119,82
0,122,82
0,124,82
0,127,82
0,129,82
0,130,82
0,131,82
0,132,82
0,134,82
0,135,82
0,136,82
0,139,82
0,142,82
0,143,82
0,144,82
0,145,82
0,147,82
0,148,82
0,149,82
0,151,82
0,152,82
0,154,82
0,156,82
0,157,82
0,159,82
0,161,82
0,162,82
0,166,82
0,167,82
0,169,82
0,174,82
0,178,82
0,179,82
0,181,82
0,182,82
0,184,82
0,186,82
0,189,82
0,190,82
0,191,82
0,194,82
0,195,82
0,198,82
0,104,83
0,105,83
0,107,83
0,111,83
0,112,83
0,113,83
0,114,83
0,115,83
0,120,83
0,123,83
0,124,83
0,125,83
0,129,83
0,131,83
0,132,83
0,133,83
0,135,83
0,136,83
0,137,83
0,138,83
0,139,83
0,141,83
0,143,83
0,144,83
0,146,83
0,148,83
0,149,83
0,153,83
0,154,83
0,157,83
0,158,83
0,159,83
0,160,83
0,165,83
0,167,83
0,168,83
0,169,83
0,171,83
0,173,83
0,177,83
0,179,83
0,181,83
0,183,83
0,186,83
0,189,83
0,191,83
0,192,83
0,193,83
0,196,83
0,199,83
0,100,84
0,101,84
0,102,84
0,104,84
0,112,84
0,114,84
0,115,84
0,116,84
0,117,84
0,119,84
0,120,84
0,122,84
0,125,84
0,127,84
0,128,84
0,129,84
0,138,84
0,141,84
0,143,84
0,150,84
0,152,84
0,153,84
0,154,84
0,157,84
0,158,84
0,159,84
0,160,84
0,162,84
0,163,84
0,166,84
0,167,84
0,168,84
0,169,84
0,170,84
0,171,84
0,172,84
0,176,84
0,177,84
0,178,84
0,179,84
0,180,84
0,182,84
0,183,84
0,186,84
0,187,84
0,191,84
0,195,84
0,196,84
0,198,84
0,199,84
0,101,85
0,102,85
0,103,85
0,104,85
0,106,85
0,108,85
0,109,85
0,110,85
0,111,85
0,115,85
0,116,85
0,117,85
0,119,85
0,122,85
0,127,85
0,129,85
0,130,85
0,133,85
0,136,85
0,140,85
0,142,85
0,143,85
0,145,85
0,146,85
0,147,85
0,148,85
0,149,85
0,150,85
0,151,85
0,152,85
0,153,85
0,154,85
0,155,85
0,156,85
0,157,85
0,158,85
0,162,85
0,163,85
0,170,85
0,176,85
0,179,85
0,180,85
0,182,85
0,185,85
0,186,85
0,189,85
0,190,85
0,191,85
0,192,85
0,193,85
0,195,85
0,197,85
0,198,85
0,100,86
0,102,86
0,103,86
0,104,86
0,107,86
0,108,86
0,109,86
0,110,86
0,112,86
0,113,86
0,114,86
0,115,86
0,116,86
0,117,86
0,118,86
0,121,86
0,127,86
0,129,86
0,134,86
0,136,86
0,137,86
0,138,86
0,139,86
0,140,86
0,141,86
0,142,86
0,144,86
0,147,86
0,149,86
0,150,86
0,151,86
0,152,86
0,159,86
0,160,86
0,161,86
0,162,86
0,163,86
0,164,86
0,165,86
0,166,86
0,170,86
0,171,86
0,174,86
0,175,86
0,178,86
0,180,86
0,181,86
0,183,86
0,185,86
0,186,86
0,188,86
0,194,86
0,198,86
0,100,87
0,102,87
0,104,87
0,108,87
0,109,87
0,110,87
0,111,87
0,112,87
0,113,87
0,114,87
0,115,87
0,118,87
0,120,87
0,122,87
0,123,87
0,124,87
0,126,87
0,127,87
0,129,87
0,131,87
0,132,87
0,134,87
0,136,87
0,137,87
0,138,87
0,140,87
0,142,87
0,143,87
0,148,87
0,151,87
0,154,87
0,156,87
0,157,87
0,160,87
0,161,87
0,162,87
0,167,87
0,174,87
0,176,87
0,178,87
0,182,87
0,185,87
0,188,87
0,199,87
0,104,88
0,105,88
0,106,88
0,109,88
0,111,88
0,113,88
0,116,88
0,117,88
0,118,88
0,119,88
0,120,88
0,121,88
0,123,88
0,125,88
0,128,88
0,133,88
0,136,88
0,137,88
0,138,88
0,139,88
0,140,88
0,141,88
0,143,88
0,144,88
0,145,88
0,146,88
0,151,88
0,153,88
0,154,88
0,156,88
0,158,88
0,159,88
0,160,88
0,162,88
0,163,88
0,164,88
0,166,88
0,167,88
0,168,88
0,170,88
0,172,88
0,173,88
0,177,88
0,180,88
0,184,88
0,187,88
0,189,88
0,190,88
0,192,88
0,194,88
0,198,88
0,101,89
0,102,89
0,105,89
0,106,89
0,107,89
0,113,89
0,116,89
0,117,89
0,119,89
0,121,89
0,125,89
0,128,89
0,129,89
0,132,89
0,133,89
0,135,89
0,137,89
0,139,89
0,141,89
0,142,89
0,144,89
0,147,89
0,150,89
0,151,89
0,163,89
0,164,89
0,168,89
0,169,89
0,171,89
0,172,89
0,175,89
0,177,89
0,178,89
0,180,89
0,181,89
0,182,89
0,183,89
0,185,89
0,186,89
0,187,89
0,189,89
0,190,89
0,192,89
0,193,89
0,199,89
0,100,90
0,102,90
0,103,90
0,104,90
0,106,90
0,109,90
0,113,90
0,116,90
0,118,90
0,120,90
0,121,90
0,123,90
0,126,90
0,128,90
0,136,90
0,137,90
0,138,90
0,142,90
0,143,90
0,144,90
0,145,90
0,151,90
0,152,90
0,154,90
0,156,90
0,157,90
0,158,90
0,160,90
0,162,90
0,164,90
0,165,90
0,166,90
0,167,90
0,168,90
0,169,90
0,171,90
0,172,90
0,173,90
0,176,90
0,177,90
0,178,90
0,179,90
0,180,90
0,182,90
0,192,90
0,193,90
0,195,90
0,197,90
0,100,91
0,101,91
0,104,91
0,106,91
0,107,91
0,111,91
0,114,91
0,117,91
0,119,91
0,120,91
0,121,91
0,123,91
0,127,91
0,129,91
0,130,91
0,131,91
0,133,91
0,135,91
0,136,91
0,138,91
0,140,91
0,141,91
0,144,91
0,145,91
0,146,91
0,147,91
0,148,91
0,149,91
0,150,91
0,151,91
0,155,91
0,157,91
0,159,91
0,160,91
0,161,91
0,163,91
0,164,91
0,165,91
0,166,91
0,171,91
0,172,91
0,175,91
0,176,91
0,181,91
0,182,91
0,185,91
0,189,91
0,191,91
0,192,91
0,193,91
0,194,91
0,105,92
0,106,92
0,107,92
0,110,92
0,115,92
0,116,92
0,118,92
0,119,92
0,120,92
0,121,92
0,123,92
0,124,92
0,126,92
0,128,92
0,131,92
0,132,92
0,133,92
0,134,92
0,135,92
0,136,92
0,137,92
0,141,92
0,142,92
0,143,92
0,144,92
0,145,92
0,148,92
0,149,92
0,150,92
0,153,92
0,154,92
0,156,92
0,158,92
0,162,92
0,164,92
0,166,92
0,168,92
0,169,92
0,170,92
0,173,92
0,175,92
0,177,92
0,178,92
0,180,92
0,183,92
0,185,92
0,186,92
0,187,92
0,188,92
0,190,92
0,192,92
0,198,92
0,199,92
0,102,93
0,104,93
0,105,93
0,107,93
0,110,93
0,116,93
0,119,93
0,121,93
0,123,93
0,127,93
0,130,93
0,133,93
0,135,93
0,137,93
0,138,93
0,141,93
0,143,93
0,145,93
0,147,93
0,148,93
0,149,93
0,151,93
0,153,93
0,154,93
0,155,93
0,156,93
0,158,93
0,160,93
0,162,93
0,164,93
0,165,93
0,167,93
0,168,93
0,173,93
0,174,93
0,175,93
0,176,93
0,178,93
0,179,93
0,180,93
0,181,93
0,185,93
0,186,93
0,189,93
0,191,93
0,192,93
0,195,93
0,101,94
0,103,94
0,104,94
0,106,94
0,109,94
0,111,94
0,113,94
0,114,94
0,117,94
0,119,94
0,122,94
0,123,94
0,125,94
0,129,94
0,130,94
0,131,94
0,132,94
0,133,94
0,134,94
0,135,94
0,137,94
0,138,94
0,139,94
0,140,94
0,143,94
0,144,94
0,145,94
0,153,94
0,154,94
0,155,94
0,158,94
0,160,94
0,161,94
0,162,94
0,165,94
0,166,94
0,167,94
0,168,94
0,169,94
0,170,94
0,173,94
0,174,94
0,176,94
0,177,94
0,178,94
0,180,94
0,182,94
0,183,94
0,186,94
0,188,94
0,191,94
0,192,94
0,194,94
0,195,94
0,197,94
0,198,94
0,199,94
0,101,95
0,104,95
0,105,95
0,106,95
0,107,95
0,108,95
0,112,95
0,113,95
0,114,95
0,115,95
0,117,95
0,120,95
0,121,95
0,122,95
0,124,95
0,125,95
0,127,95
0,129,95
0,132,95
0,133,95
0,136,95
0,137,95
0,139,95
0,144,95
0,147,95
0,151,95
0,153,95
0,155,95
0,157,95
0,159,95
0,162,95
0,163,95
0,164,95
0,167,95
0,168,95
0,169,95
0,170,95
0,171,95
0,173,95
0,174,95
0,179,95
0,181,95
0,182,95
0,183,95
0,187,95
0,192,95
0,194,95
0,195,95
0,196,95
0,197,95
0,199,95
0,100,96
0,101,96
0,102,96
0,105,96
0,108,96
0,113,96
0,115,96
0,117,96
0,119,96
0,123,96
0,124,96
0,126,96
0,128,96
0,133,96
0,134,96
0,137,96
0,138,96
0,139,96
0,140,96
0,142,96
0,144,96
0,146,96
0,147,96
0,149,96
0,150,96
0,151,96
0,152,96
0,153,96
0,155,96
0,156,96
0,160,96
0,162,96
0,163,96
0,164,96
0,166,96
0,173,96
0,176,96
0,178,96
0,179,96
0,180,96
0,181,96
0,187,96
0,188,96
0,191,96
0,193,96
0,194,96
0,198,96
0,100,97
0,102,97
0,104,97
0,105,97
0,107,97
0,108,97
0,109,97
0,112,97
0,118,97
0,120,97
0,122,97
0,123,97
0,125,97
0,127,97
0,128,97
0,129,97
0,131,97
0,133,97
0,134,97
0,137,97
0,139,97
0,140,97
0,141,97
0,144,97
0,148,97
0,150,97
0,151,97
0,153,97
0,155,97
0,156,97
0,157,97
0,159,97
0,160,97
0,162,97
0,165,97
0,169,97
0,171,97
0,173,97
0,174,97
0,179,97
0,0,0
0,320,44378767
0,0,0
0,50695284,0
0,0,0
0,0,0
0,0,0
0,50351328,0
0,0,0
0,41701712,0
0,0,0
0,864,0
0,0,0
0,48,44176880
0,0,0
0,50363684,40476352
0,0,0
0,50351408,27
0,0,0
0,3613709523,40476328
0,3192780848,0
0,912,0
0,0,0
0,48,0
0,0,7
0,0,0
0,0,0
0,14,0
0,0,0
0,0,0
0,0,0
0,385,0
0,0,0
0,42415424,0
0,0,0
0,50351416,0
0,0,0
0,41701712,0
0,0,0
0,0,0
0,0,0
0,48,0
0,0,0
0,50363844,0
0,0,0
0,1650295902,0
0,3192778976,0
0,0,0
0,0,0
0,48,0
0,0,0
0,50751604,41848320
0,0,0
0,14,0
0,0,0
0,50351536,44367384
0,0,0
0,225,0
0,0,0
0,50588304,288
0,0,0
0,50351576,0
0,0,0
0,50351648,0
0,0,0
0,41701712,1552
0,0,0
0,0,1552
0,0,0
0,97,0
0,0,0
0,50313440,44367392
0,0,0
0,177735686,0
0,3192777572,0
0,0,44367088
0,0,0
0,48,0
0,0,0
0,49844516,41760112
0,0,0
0,14,0
0,0,0
0,50351696,0
0,0,0
0,64,0
0,0,0
0,50437172,0
0,0,0
0,50351736,0
0,0,0
0,50351808,0
0,0,0
0,0,0
0,0,0
0,1344,44367544
0,0,0
0,50364164,0
0,0,0
0,50351888,0
0,0,0
0,0,0
0,0,0
0,1392,44367592
0,0,0
0,42275796,0
0,0,0
0,0,0
0,0,0
0,50351856,0
0,0,0
0,0,44367640
0,0,0
0,42564576,0
0,0,0
0,49775344,0
0,0,0
0,0,40476200
0,0,0
0,0,13
0,0,0
0,41701712,40476176
0,0,0
0,0,40477304
0,0,0
0,9,22
0,1,0
0,97,40477280
0,0,0
0,50722032,0
0,0,0
0,2754716064,44366688
0,3192775933,0
0,48,0
0,0,0
0,48,44367800
0,0,0
0,0,0
0,0,0
0,14,0
0,0,0
0,160,0
0,0,0
0,64,0
0,0,0
0,0,0
0,0,0
0,50352056,44367832
0,0,0
0,41701712,0
0,0,0
0,0,0
0,0,0
0,321,0
0,0,0
0,50597936,44367880
0,0,0
0,2263862659,0
0,3192775465,0
0,0,0
0,0,0
0,48,0
0,0,0
0,49769925,44367928
0,0,0
0,14,0
0,0,0
0,50352176,44367088
0,0,0
0,64,0
0,0,0
0,49872677,44368048
0,0,0
0,50352216,0
0,0,0
0,50352288,2
0,0,29
0,0,0
0,0,0
0,9,44357328
0,1,0
0,50547504,0
0,0,0
0,50177488,64
0,0,0
0,0,0
0,0,0
0,48,44367024
0,0,0
0,49671605,0
0,0,0
0,0,44367760
0,0,0
0,50352336,0
0,0,0
0,96,44368512
0,0,0
0,50173445,0
0,0,0
0,0,44368184
0,0,0
0,50352448,0
0,0,0
0,41701712,0
0,0,0
0,544,0
0,0,0
0,48,0
0,0,0
0,50352528,0
0,0,0
0,1650295902,44368216
0,3192774880,0
0,592,0
0,0,0
0,48,0
0,0,0
0,0,0
0,0,0
0,14,44368264
0,0,0
0,0,0
0,0,0
0,705,0
0,0,0
0,50427824,0
0,0,0
0,50352536,44368312
0,0,0
0,41701712,0
0,0,0
0,0,44367088
0,0,0
0,97,0
0,0,0
0,49825248,44368432
0,0,0
0,3613709523,0
0,3192774704,0
0,0,2
0,0,29
0,48,0
0,0,0
0,49662053,44378864
0,0,0
0,0,40476304
0,0,0
0,14,16
0,0,0
0,50352656,40476280
0,0,0
0,64,0
0,0,0
0,50736725,0
0,0,0
0,50352696,0
0,0,0
0,50352768,44368144
0,0,0
0,0,0
0,0,0
0,9,44369280
0,1,0
0,50448304,0
0,0,0
0,50725568,44368568
0,0,0
0,0,0
0,0,0
0,48,0
0,0,0
0,42579573,0
0,0,0
0,0,0
0,0,0
0,50352816,0
0,0,0
0,96,44368600
0,0,0
0,50097301,0
0,0,0
0,0,0
0,0,0
0,50352856,40476352
0,0,0
0,50352928,27
0,0,0
0,41701712,40476328
0,0,0
0,9,0
0,1,0
0,321,0
0,0,0
0,50678352,0
0,0,0
0,177735686,44368696
0,3192774500,0
0,48,0
0,0,0
0,48,44367088
0,0,0
0,0,0
0,0,0
0,14,44368816
0,0,0
0,96,0
0,0,0
0,64,2
0,0,29
0,0,0
0,0,0
0,50353016,44378224
0,0,0
0,41701712,0
0,0,0
0,0,64
0,0,0
0,161,0
0,0,0
0,49811648,44368080
0,0,0
0,2263862659,0
0,3192774441,0
0,0,44368528
0,0,0
0,48,0
0,0,0
0,50717669,44177648
0,0,0
0,14,0
0,0,0
0,50353136,44368952
0,0,0
0,96,6208
0,0,0
0,64,1552
0,0,0
0,0,0
0,0,0
0,50353176,44368944
0,0,0
0,41701712,0
0,0,0
0,0,44368984
0,0,0
0,48,0
0,0,0
0,50357413,0
0,0,0
0,2754716064,0
0,3192774397,0
0,0,44369032
0,0,0
0,48,0
0,0,0
0,42321413,0
0,0,0
0,14,0
0,0,0
0,50353296,44369080
0,0,0
0,65,0
0,0,0
0,50585168,0
0,0,0
0,50353336,0
0,0,0
0,50353408,0
0,0,0
0,0,0
0,0,0
0,1504,44369208
0,0,0
0,50357573,0
0,0,0
0,50353488,32
0,0,0
0,0,0
0,0,0
0,1552,22112
0,0,0
0,49787637,0
0,0,0
0,0,44177984
0,0,0
0,14,40476200
0,0,0
0,50353456,13
0,0,0
0,0,40476176
0,0,0
0,20161,40477512
0,0,0
0,50312032,22
0,0,0
0,49675456,40477488
0,0,0
0,0,0
0,0,0
0,41701712,0
0,0,0
0,9,0
0,1,0
0,97,0
0,0,0
0,50316896,0
0,0,0
0,1895722605,0
0,3192774346,0
0,48,0
0,0,0
0,48,44369368
0,0,0
0,0,0
0,0,0
0,14,0
0,0,0
0,160,0
0,0,0
0,64,44369416
0,0,0
0,0,0
0,0,0
0,50353656,0
0,0,0
0,41701712,0
0,0,0
0,0,44369464
0,0,0
0,161,0
0,0,0
0,50348720,0
0,0,0
0,3490996172,0
0,3192774331,0
0,0,0
0,0,0
0,48,0
0,0,0
0,50574037,44383120
0,0,0
0,14,0
0,0,0
0,50353776,289
0,0,0
0,64,0
0,0,0
0,50186581,12
0,0,309
0,50353816,0
0,0,0
0,50353888,0
0,0,0
0,0,0
0,0,0
0,384,0
0,0,0
0,50358053,0
0,0,0
0,50353968,44369656
0,0,0
0,0,0
0,0,0
0,432,0
0,0,0
0,49794245,0
0,0,0
0,0,44369704
0,0,0
0,50353936,0
0,0,0
0,0,0
0,0,0
0,49900736,0
0,0,0
0,42302416,44369752
0,0,0
0,50354048,0
0,0,0
0,41701712,44369296
0,0,0
0,64,0
0,0,0
0,48,44345584
0,0,0
0,50354128,0
0,0,0
0,2263862659,44369884
0,3192774313,0
0,112,0
0,0,0
0,48,32
0,0,0
0,0,0
0,0,0
0,14,608
0,0,0
0,0,0
0,0,0
0,545,44370288
0,0,0
0,50350000,0
0,0,0
0,50354136,309
0,0,0
0,41701712,0
0,0,0
0,0,321
0,0,0
0,97,0
0,0,0
0,42569008,12
0,0,310
0,50733552,40476304
0,0,0
0,177735686,16
0,3192774308,0
0,0,40476280
0,0,0
0,48,0
0,0,0
0,42578901,0
0,0,0
0,14,0
0,0,0
0,50354256,44370040
0,0,0
0,64,0
0,0,0
0,50424565,0
0,0,0
0,50354296,0
0,0,0
0,50354368,44370088
0,0,0
0,0,0
0,0,0
0,9,0
0,1,0
0,50744720,0
0,0,0
0,50415504,44370136
0,0,0
0,0,0
0,0,0
0,48,44369296
0,0,0
0,42424661,0
0,0,0
0,0,44345584
0,0,0
0,14,40476352
0,0,0
0,50354416,27
0,0,0
0,96,40476328
0,0,0
0,50421653,0
0,0,0
0,0,32
0,0,0
0,50354528,0
0,0,0
0,41701712,992
0,0,0
0,9,0
0,1,0
0,97,44368848
0,0,0
0,50442768,0
0,0,0
0,2754716064,310
0,3192774301,0
0,48,0
0,0,0
0,48,321
0,0,0
0,0,0
0,0,0
0,14,12
0,0,10120
0,256,0
0,0,0
0,64,0
0,0,0
0,0,0
0,0,0
0,50354616,0
0,0,0
0,41701712,0
0,0,0
0,0,44370424
0,0,0
0,48,0
0,0,0
0,50358853,0
0,0,0
0,3490996172,0
0,3192774299,0
0,0,44370472
0,0,0
0,752,7760
0,0,0
0,48,1552
0,0,0
0,0,0
0,0,0
0,14,44370496
0,0,0
0,0,0
0,0,0
0,65,0
0,0,0
0,49825824,0
0,0,0
0,50354776,41848320
0,0,0
0,41701712,0
0,0,0
0,0,44370648
0,0,0
0,48,0
0,0,0
0,50359013,288
0,0,0
0,1895722605,0
0,3192774298,0
0,0,0
0,0,0
0,48,0
0,0,0
0,49663173,44184032
0,0,0
0,14,0
0,0,0
0,50354896,0
0,0,0
0,18721,0
0,0,0
0,50563120,0
0,0,0
0,0,0
0,0,0
0,0,44373552
0,0,0
0,0,0
0,0,0
0,64,0
0,0,0
0,50359173,0
0,0,0
0,50355088,1
0,0,4
0,2263862659,40476200
0,3192774297,0
0,0,13
0,0,0
0,112,40476176
0,0,0
0,48,40477512
0,0,0
0,50332661,22
0,0,0
0,0,40477488
0,0,0
0,50355056,0
0,0,0
0,0,0
0,0,0
0,50781424,0
0,0,0
0,49826304,0
0,0,0
0,50355168,0
0,0,0
0,41701712,0
0,0,0
0,9,0
0,1,0
0,161,0
0,0,0
0,50570800,0
0,0,0
0,3613709523,6371
0,3192774296,0
0,48,0
0,0,0
0,48,32
0,0,0
0,0,0
0,0,0
0,14,0
0,0,0
0,96,0
0,0,0
0,64,44371392
0,0,0
0,0,0
0,0,0
0,50355256,0
0,0,0
0,41701712,0
0,0,0
0,0,0
0,0,8
0,48,0
0,0,0
0,50359493,0
0,0,0
0,1650295902,0
0,3192774296,0
0,0,0
0,0,0
0,48,0
0,0,0
0,42549141,0
0,0,0
0,14,0
0,0,0
0,50355376,0
0,0,0
0,18241,0
0,0,0
0,42547040,0
0,0,0
0,0,0
0,0,0
0,0,0
0,0,0
0,0,0
0,0,0
0,9,41848320
0,1,0
0,50554224,0
0,0,0
0,50179408,44371324
0,0,0
0,0,0
0,0,0
0,48,576
0,0,0
0,50384741,0
0,0,0
0,0,9941
0,0,0
0,50355536,0
0,0,0
0,160,44377424
0,0,0
0,49804837,0
0,0,0
0,0,0
0,0,0
0,50355648,0
0,0,0
0,41701712,0
0,0,0
0,9,0
0,1,0
0,417,44344176
0,0,0
0,49811264,0
0,0,0
0,3490996172,0
0,3192774295,0
0,48,0
0,0,0
0,48,0
0,0,8
0,0,0
0,0,0
0,14,0
0,0,0
0,96,0
0,0,0
0,64,0
0,0,0
0,0,0
0,0,0
0,50355736,0
0,0,0
0,50355808,40476304
0,0,0
0,41701712,16
0,0,0
0,0,40476280
0,0,0
0,257,0
0,0,0
0,50727152,0
0,0,0
0,2754716064,0
0,3192774295,0
0,0,0
0,0,0
0,48,0
0,0,0
0,42583317,41848320
0,0,0
0,14,0
0,0,0
0,50355856,44371708
0,0,0
0,64,0
0,0,0
0,50751061,288
0,0,0
0,50355896,0
0,0,0
0,50355968,9941
0,0,0
0,0,0
0,0,0
0,9,44382928
0,1,0
0,50249344,0
0,0,0
0,49802208,44377104
0,0,0
0,2263862659,40476352
0,3192774295,0
0,0,27
0,0,0
0,48,40476328
0,0,0
0,42515509,0
0,0,0
0,0,44344176
0,0,0
0,50356016,0
0,0,0
0,640,0
0,0,0
0,50107477,0
0,0,0
0,0,0
0,0,8
0,50356128,0
0,0,0
0,41701712,0
0,0,0
0,9,0
0,1,0
0,801,0
0,0,0
0,50705552,0
0,0,0
0,1895722605,0
0,3192774295,0
0,48,0
0,0,0
0,48,0
0,0,0
0,0,0
0,0,0
0,14,0
0,0,0
0,96,0
0,0,0
0,64,0
0,0,0
0,0,0
0,0,0
0,50356216,41848320
0,0,0
0,41701712,0
0,0,0
0,0,44372092
0,0,0
0,9,9312
0,1,0
0,257,1552
0,0,0
0,50561424,0
0,0,0
0,1650295902,44372048
0,3192774295,0
0,48,0
0,0,0
0,48,64
0,0,0
0,0,0
0,0,0
0,14,0
0,0,0
0,96,0
0,0,0
0,64,44371792
0,0,0
0,0,0
0,0,0
0,50356376,44373552
0,0,0
0,41701712,0
0,0,0
0,0,44372216
0,0,0
0,97,0
0,0,0
0,42504560,0
0,0,0
0,1466225875,0
0,3192774295,0
0,0,0
0,0,0
0,48,0
0,0,0
0,50355094,44372248
0,0,0
0,14,0
0,0,0
0,50356496,0
0,0,0
0,64,0
0,0,0
0,50688006,44372296
0,0,0
0,50356536,0
0,0,0
0,50356608,0
0,0,0
0,41701712,40476200
0,0,0
0,0,13
0,0,0
0,9,40476176
0,1,0
0,97,40477408
0,0,0
0,50388864,22
0,0,0
0,42383472,40477384
0,0,0
0,0,0
0,0,0
0,48,256
0,0,0
0,50319222,0
0,0,0
0,0,44372176
0,0,0
0,50356656,0
0,0,0
0,576,44365184
0,0,0
0,50340182,0
0,0,0
0,0,44372504
0,0,0
0,50356768,0
0,0,0
0,41701712,0
0,0,0
0,9,0
0,1,0
0,161,0
0,0,0
0,50433744,0
0,0,0
0,1251477510,44372536
0,3192774295,0
0,48,0
0,0,0
0,48,0
0,0,0
0,0,0
0,0,0
0,14,44372584
0,0,0
0,96,0
0,0,0
0,64,0
0,0,0
0,0,0
0,0,0
0,50356856,44372632
0,0,0
0,41701712,0
0,0,0
0,0,44370352
0,0,0
0,48,0
0,0,0
0,50352902,44372800
0,0,0
0,1190120835,0
0,3192774295,0
0,0,0
0,0,0
0,48,0
0,0,0
0,42361734,0
0,0,0
0,14,0
0,0,0
0,50356976,0
0,0,0
0,385,0
0,0,0
0,50447504,44382769
0,0,0
0,50357016,0
0,0,0
0,50357088,64
0,0,0
0,0,0
0,0,0
0,9,44372112
0,1,0
0,50595760,0
0,0,0
0,50441488,44372464
0,0,0
0,0,0
0,0,0
0,48,44178416
0,0,0
0,42255110,0
0,0,0
0,0,44372936
0,0,0
0,50357136,0
0,0,0
0,160,0
0,0,0
0,50170086,0
0,0,0
0,0,0
0,0,0
0,50357248,0
0,0,0
0,41701712,44372968
0,0,0
0,9,0
0,1,0
0,97,0
0,0,0
0,49915232,0
0,0,0
0,1113424990,44373016
0,3192774295,0
0,48,0
0,0,0
0,48,0
0,0,0
0,0,0
0,0,0
0,14,44373064
0,0,0
0,50357296,40476304
0,0,0
0,320,16
0,0,0
0,64,40476280
0,0,0
0,0,0
0,0,0
0,50357336,256
0,0,0
0,41701712,0
0,0,0
0,0,44372896
0,0,0
0,48,0
0,0,0
0,50353382,44178032
0,0,0
0,1090416237,0
0,3192774295,0
0,0,44373224
0,0,0
0,48,0
0,0,0
0,42432646,0
0,0,0
0,14,0
0,0,0
0,50357456,0
0,0,0
0,1025,0
0,0,0
0,49825504,44373256
0,0,0
0,0,0
0,0,0
0,0,0
0,0,0
0,41701712,40476352
0,0,0
0,0,27
0,0,0
0,9,40476328
0,1,0
0,50255936,0
0,0,0
0,49860128,0
0,0,0
0,0,0
0,0,0
0,48,44373352
0,0,0
0,50069958,0
0,0,0
0,0,0
0,0,0
0,50357616,0
0,0,0
0,160,44373472
0,0,0
0,49919222,0
0,0,0
0,0,2
0,0,23
0,50357728,0
0,0,0
0,41701712,44184001
0,0,0
0,9,0
0,1,0
0,97,64
0,0,0
0,42465152,0
0,0,0
0,1431655765,0
0,3218429269,0
0,48,0
0,0,0
0,48,44373184
0,0,0
0,0,0
0,0,0
0,14,41760112
0,0,0
0,320,0
0,0,0
0,64,0
0,0,0
0,49919782,0
0,0,0
0,0,1553
0,0,0
0,50357816,40393744
0,0,0
0,50357888,44593728
0,0,0
0,41701712,0
0,0,0
0,0,0
0,0,0
0,9,0
0,1,0
0,97,44373640
0,0,0
0,42494288,0
0,0,0
0,2576978363,0
0,1070176665,0
0,48,0
0,0,0
0,48,44373688
0,0,0
0,0,0
0,0,0
0,14,0
0,0,0
0,480,0
0,0,0
0,64,44373736
0,0,0
0,0,0
0,0,0
0,50357976,0
0,0,0
0,41701712,0
0,0,0
0,0,0
0,0,0
0,481,0
0,0,0
0,50445424,44368417
0,0,0
0,2453154343,0
0,3217180964,0
0,0,289
0,0,0
0,48,0
0,0,0
0,50624950,12
0,0,315
0,14,0
0,0,0
0,50358096,0
0,0,0
0,96,40476200
0,0,0
0,64,13
0,0,0
0,50752342,40476176
0,0,0
0,0,40477096
0,0,0
0,50358136,22
0,0,0
0,50358208,40477072
0,0,0
0,0,0
0,0,0
0,9,0
0,1,0
0,50551280,0
0,0,0
0,50354960,44373976
0,0,0
0,0,0
0,0,0
0,48,0
0,0,0
0,50758166,0
0,0,0
0,0,44374024
0,0,0
0,50358256,0
0,0,0
0,96,44373568
0,0,0
0,50439126,0
0,0,0
0,0,44345584
0,0,0
0,50358368,0
0,0,0
0,41701712,44374156
0,0,0
0,9,0
0,1,0
0,97,32
0,0,0
0,50697312,0
0,0,0
0,1775019125,608
0,3216459198,0
0,48,0
0,0,0
0,48,44372832
0,0,0
0,0,0
0,0,0
0,14,315
0,0,0
0,256,0
0,0,0
0,64,321
0,0,0
0,0,0
0,0,0
0,50358456,12
0,0,316
0,41701712,0
0,0,0
0,0,0
0,0,0
0,48,0
0,0,0
0,50354502,0
0,0,0
0,273199057,0
0,1068739452,0
0,0,44374312
0,0,0
0,48,0
0,0,0
0,42602358,0
0,0,0
0,14,0
0,0,0
0,50358576,44374360
0,0,0
0,15041,0
0,0,0
0,42523408,0
0,0,0
0,0,0
0,0,0
0,0,44374408
0,0,0
0,0,0
0,0,0
0,9,44373568
0,1,0
0,49823168,0
0,0,0
0,50705328,44345584
0,0,0
0,0,0
0,0,0
0,48,44374540
0,0,0
0,42348070,0
0,0,0
0,0,32
0,0,0
0,50358736,0
0,0,0
0,96,992
0,0,0
0,50693046,0
0,0,0
0,0,44377104
0,0,0
0,50358848,0
0,0,0
0,41701712,316
0,0,0
0,9,0
0,1,0
0,417,321
0,0,0
0,50717792,0
0,0,0
0,0,12
0,1069547520,10124
0,0,40476304
0,0,0
0,48,16
0,0,0
0,48,40476280
0,0,0
0,0,0
0,0,0
0,14,0
0,0,0
0,96,0
0,0,0
0,64,44374696
0,0,0
0,0,0
0,0,0
0,50358936,0
0,0,0
0,41701712,0
0,0,0
0,0,44374744
0,0,0
0,97,0
0,0,0
0,50359504,0
0,0,0
0,0,0
0,1072693248,0
0,0,44374792
0,0,0
0,48,0
0,0,0
0,42335382,0
0,0,0
0,14,0
0,0,0
0,50359056,0
0,0,0
0,256,40476352
0,0,0
0,64,27
0,0,0
0,50713702,40476328
0,0,0
0,50359096,0
0,0,0
0,50359168,32
0,0,0
0,0,0
0,0,0
0,9,27824
0,1,0
0,42504560,0
0,0,0
0,50253248,44178752
0,0,0
0,0,0
0,0,0
0,48,10124
0,0,0
0,50265638,0
0,0,0
0,0,2913
0,0,0
0,50359216,0
0,0,0
0,640,0
0,0,0
0,50721446,0
0,0,0
0,0,0
0,0,0
0,50359328,0
0,0,0
0,41701712,0
0,0,0
0,9,0
0,1,0
0,97,44375080
0,0,0
0,42482400,0
0,0,0
0,1413754136,0
0,1072243195,0
0,48,0
0,0,0
0,48,44375128
0,0,0
0,42470214,31040
0,0,0
0,0,4112
0,0,0
0,14,44019881
0,0,0
0,50359376,3
0,0,0
0,800,0
0,0,0
0,64,0
0,0,4100
0,50343062,4
0,0,0
0,0,0
0,0,0
0,50359416,0
0,0,0
0,50359488,44683168
0,0,0
0,41701712,44018889
0,0,0
0,0,3
0,0,0
0,9,0
0,1,0
0,97,0
0,0,4100
0,50250944,0
0,0,0
0,49854208,0
0,0,0
0,856972295,0
0,1015129638,0
0,0,44740176
0,0,0
0,48,44493600
0,0,0
0,48,1
0,0,553680896
0,49727894,10
0,0,1
0,0,553680896
0,0,10
0,14,1
0,0,0
0,50359536,44745856
0,0,0
0,960,44021345
0,0,0
0,64,5
0,0,0
0,50111126,0
0,0,0
0,0,2097152
0,0,4
0,50359576,0
0,0,0
0,50359648,0
0,0,0
0,41701712,0
0,0,0
0,0,0
0,0,0
0,9,0
0,1,0
0,1857,45034272
0,0,0
0,50199936,44497904
0,0,0
0,50764944,1
0,0,553648160
0,0,1032
0,0,0
0,0,553648160
0,0,1032
0,48,0
0,0,0
0,48,44204496
0,0,0
0,49758246,44018913
0,0,0
0,0,1
0,0,553648160
0,14,1032
0,0,0
0,50359696,553648160
0,0,1032
0,96,0
0,0,0
0,64,45184848
0,0,0
0,50427958,44494008
0,0,0
0,0,1
0,0,553648160
0,50359736,1032
0,0,0
0,50359808,553648160
0,0,1032
0,41701712,0
0,0,0
0,0,44738944
0,0,0
0,9,44020329
0,1,0
0,577,1
0,0,553648160
0,50551440,1032
0,0,0
0,50784048,553648160
0,0,1032
0,856972295,0
0,1016178214,0
0,0,45599632
0,0,0
0,48,43996416
0,0,0
0,48,1
0,0,553648160
0,50695126,1034
0,0,0
0,0,553648160
0,0,1034
0,14,0
0,0,0
0,50359856,44840384
0,0,0
0,96,44021801
0,0,0
0,64,1
0,0,553648160
0,50666022,1034
0,0,0
0,0,553648160
0,0,1034
0,50359896,0
0,0,318
0,50359968,44695280
0,0,0
0,41701712,44489920
0,0,0
0,0,1
0,0,553648160
0,9,1034
0,1,0
0,257,553648160
0,0,1034
0,50565520,0
0,0,0
0,50199712,44781920
0,0,0
0,1413754136,44494544
0,1074340347,0
0,0,1
0,0,553648160
0,48,1034
0,0,0
0,48,553648160
0,0,1034
0,42363526,0
0,0,0
0,0,44762720
0,0,0
0,14,44379088
0,0,0
0,50360016,1
0,0,553648160
0,96,1034
0,0,0
0,64,553648160
0,0,1034
0,50187478,0
0,0,0
0,0,45615888
0,0,0
0,50360056,44497448
0,0,0
0,50360128,1
0,0,553648128
0,41701712,1034
0,0,0
0,0,553648128
0,0,1034
0,9,0
0,1,0
0,97,45620272
0,0,0
0,50670288,44023673
0,0,0
0,50426768,1
0,0,553648128
0,856972295,1034
0,1017226790,0
0,0,553648128
0,0,1034
0,48,0
0,0,0
0,48,44738128
0,0,0
0,49691462,44484600
0,0,0
0,0,1
0,0,553648128
0,14,1034
0,0,0
0,50360176,553648128
0,0,1034
0,416,0
0,0,0
0,64,44746896
0,0,0
0,50780054,44019009
0,0,0
0,0,1
0,0,553648128
0,50360216,1034
0,0,0
0,50360288,553648128
0,0,1034
0,41701712,0
0,0,0
0,0,41849440
0,0,0
0,9,44482960
0,1,0
0,97,1
0,0,553648128
0,50476768,1034
0,0,0
0,49852928,553648128
0,0,1034
0,2134057426,0
0,1073928572,319
0,0,40361840
0,0,0
0,48,44022169
0,0,0
0,48,1
0,0,553648128
0,49840647,1034
0,0,0
0,0,553648128
0,0,1034
0,14,0
0,0,0
0,50360336,41593072
0,0,0
0,736,43997848
0,0,0
0,64,1
0,0,553648128
0,50344375,1034
0,0,0
0,0,553648128
0,0,1034
0,50360376,0
0,0,0
0,50360448,40393184
0,0,0
0,41701712,43998920
0,0,0
0,0,1
0,0,553648128
0,9,1034
0,1,0
0,897,553648128
0,0,1034
0,50330640,0
0,0,0
0,50718512,45295168
0,0,0
0,1285458442,44016841
0,1016756537,0
0,0,1
0,0,553680928
0,48,1034
0,0,1
0,48,553680928
0,0,1034
0,42604279,1
0,0,0
0,0,45277008
0,0,0
0,14,44019529
0,0,0
0,50360496,1
0,0,553648128
0,96,1034
0,0,0
0,64,553648128
0,0,1034
0,50715143,0
0,0,0
0,0,45284176
0,0,0
0,50360536,44017889
0,0,0
0,50360608,1
0,0,553648160
0,41701712,8
0,0,2
0,0,553648160
0,0,8
0,9,2
0,1,0
0,737,45202240
0,0,0
0,50432144,44016241
0,0,0
0,50338544,1
0,0,553648160
0,0,8
0,3220176896,2
0,0,553648160
0,0,8
0,48,2
0,0,0
0,48,45197120
0,0,0
0,42374679,44493864
0,0,0
0,0,1
0,0,553648162
0,14,1032
0,0,0
0,50360656,553648162
0,0,1032
0,96,0
0,64,45190560
0,0,0
0,50174679,44015993
0,0,0
0,0,3
0,0,0
0,50360696,0
0,0,0
0,50360768,0
0,0,16384
0,41701712,0
0,0,0
0,0,0
0,0,0
0,9,0
0,1,0
0,97,45394448
0,0,0
0,50586576,44018449
0,0,0
0,50395728,1
0,0,553648128
0,0,1034
0,2144337920,0
0,0,553648128
0,0,1034
0,48,0
0,0,0
0,48,45179248
0,0,0
0,49784263,44023697
0,0,0
0,0,1
0,0,553648162
0,14,1034
0,0,0
0,50360816,553648162
0,0,1034
0,256,0
0,0,0
0,64,44391024
0,0,0
0,50092135,44493064
0,0,0
0,0,1
0,0,553648160
0,50360856,1034
0,0,0
0,50360928,553648160
0,0,1034
0,41701712,0
0,0,1982
0,0,44294192
0,0,0
0,9,44020497
0,1,0
0,417,1
0,0,553648160
0,50091696,1034
0,0,0
0,49804768,553648160
0,0,1034
0,0,0
0,1048576,0
0,0,43994688
0,0,0
0,48,44495280
0,0,0
0,48,1
0,0,553648160
0,50259559,2056
0,0,0
0,0,553648160
0,0,2056
0,14,0
0,0,0
0,50360976,44982240
0,0,0
0,96,44470176
0,0,0
0,64,1
0,0,553648162
0,49805319,2056
0,0,0
0,0,553648162
0,0,2056
0,50361016,0
0,0,0
0,50361088,45339840
0,0,0
0,41701712,44492072
0,0,0
0,0,1
0,0,553648160
0,9,2056
0,1,0
0,97,553648160
0,0,2056
0,50389104,0
0,0,0
0,50359344,45305072
0,0,0
0,33554432,44024057
0,1101004800,0
0,0,1
0,0,553648160
0,48,2056
0,0,0
0,48,553648160
0,0,2056
0,50355255,0
0,0,0
0,0,45286896
0,0,0
0,14,44019681
0,0,0
0,50361136,1
0,0,553648160
0,256,2056
0,0,0
0,64,553648160
0,0,2056
0,49792583,0
0,0,0
0,0,45222544
0,0,0
0,50361176,44019705
0,0,0
0,50361248,1
0,0,553648160
0,41701712,2056
0,0,0
0,0,553648160
0,0,2056
0,9,0
0,1,0
0,97,41788432
0,0,0
0,50698880,44022497
0,0,0
0,50475808,1
0,0,553648160
0,0,2056
0,1017118720,0
0,50361088,553648160
0,0,2056
0,48,0
0,0,0
0,48,43938624
0,0,0
0,49800711,44023913
0,0,0
0,0,1
0,0,553648160
1,1,0
1,2,0
1,4,0
1,5,0
1,7,0
1,8,0
1,11,0
1,12,0
1,13,0
1,15,0
1,18,0
1,19,0
1,20,0
1,21,0
1,22,0
1,27,0
1,28,0
1,30,0
1,35,0
1,40,0
1,42,0
1,44,0
1,47,0
1,48,0
1,52,0
1,53,0
1,55,0
1,56,0
1,59,0
1,63,0
1,64,0
1,65,0
1,67,0
1,68,0
1,79,0
1,83,0
1,86,0
1,89,0
1,91,0
1,92,0
1,96,0
1,97,0
1,99,0
1,2,1
1,10,1
1,11,1
1,13,1
1,16,1
1,17,1
1,18,1
1,21,1
1,22,1
1,23,1
1,26,1
1,33,1
1,34,1
1,36,1
1,38,1
1,40,1
1,48,1
1,51,1
1,53,1
1,54,1
1,56,1
1,57,1
1,59,1
1,60,1
1,64,1
1,67,1
1,68,1
1,69,1
1,70,1
1,72,1
1,73,1
1,74,1
1,79,1
1,82,1
1,83,1
1,84,1
1,86,1
1,87,1
1,97,1
1,99,1
1,3,2
1,4,2
1,5,2
1,6,2
1,9,2
1,13,2
1,15,2
1,16,2
1,17,2
1,20,2
1,21,2
1,25,2
1,26,2
1,27,2
1,28,2
1,29,2
1,31,2
1,37,2
1,40,2
1,41,2
1,44,2
1,46,2
1,47,2
1,48,2
1,49,2
1,50,2
1,51,2
1,52,2
1,55,2
1,58,2
1,61,2
1,62,2
1,65,2
1,66,2
1,67,2
1,68,2
1,69,2
1,70,2
1,71,2
1,73,2
1,75,2
1,78,2
1,79,2
1,80,2
1,83,2
1,84,2
1,86,2
1,90,2
1,92,2
1,93,2
1,98,2
1,99,2
1,4,3
1,5,3
1,6,3
1,7,3
1,9,3
1,12,3
1,13,3
1,18,3
1,20,3
1,21,3
1,22,3
1,23,3
1,27,3
1,28,3
1,30,3
1,32,3
1,34,3
1,38,3
1,42,3
1,45,3
1,47,3
1,48,3
1,50,3
1,52,3
1,53,3
1,57,3
1,60,3
1,61,3
1,62,3
1,67,3
1,70,3
1,72,3
1,73,3
1,74,3
1,75,3
1,76,3
1,80,3
1,85,3
1,86,3
1,88,3
1,91,3
1,94,3
1,95,3
1,96,3
1,97,3
1,98,3
1,5,4
1,6,4
1,8,4
1,14,4
1,15,4
1,16,4
1,19,4
1,20,4
1,22,4
1,23,4
1,24,4
1,25,4
1,26,4
1,29,4
1,30,4
1,31,4
1,33,4
1,34,4
1,35,4
1,38,4
1,40,4
1,41,4
1,43,4
1,44,4
1,46,4
1,48,4
1,50,4
1,52,4
1,53,4
1,54,4
1,56,4
1,57,4
1,58,4
1,61,4
1,63,4
1,66,4
1,69,4
1,70,4
1,73,4
1,78,4
1,80,4
1,81,4
1,83,4
1,85,4
1,88,4
1,90,4
1,93,4
1,6,5
1,8,5
1,9,5
1,10,5
1,11,5
1,12,5
1,13,5
1,14,5
1,16,5
1,18,5
1,22,5
1,23,5
1,25,5
1,26,5
1,27,5
1,28,5
1,29,5
1,33,5
1,36,5
1,37,5
1,39,5
1,40,5
1,41,5
1,42,5
1,43,5
1,45,5
1,48,5
1,49,5
1,50,5
1,55,5
1,56,5
1,57,5
1,58,5
1,59,5
1,60,5
1,61,5
1,64,5
1,67,5
1,68,5
1,69,5
1,70,5
1,72,5
1,74,5
1,75,5
1,76,5
1,78,5
1,83,5
1,84,5
1,85,5
1,87,5
1,90,5
1,91,5
1,97,5
1,10,6
1,11,6
1,12,6
1,13,6
1,14,6
1,15,6
1,18,6
1,19,6
1,24,6
1,27,6
1,29,6
1,33,6
1,37,6
1,40,6
1,41,6
1,42,6
1,44,6
1,49,6
1,51,6
1,56,6
1,57,6
1,59,6
1,61,6
1,62,6
1,63,6
1,64,6
1,65,6
1,67,6
1,68,6
1,70,6
1,73,6
1,74,6
1,75,6
1,83,6
1,87,6
1,96,6
1,98,6
1,99,6
1,8,7
1,9,7
1,15,7
1,17,7
1,18,7
1,19,7
1,21,7
1,22,7
1,24,7
1,26,7
1,27,7
1,29,7
1,30,7
1,31,7
1,32,7
1,33,7
1,34,7
1,36,7
1,39,7
1,40,7
1,46,7
1,47,7
1,48,7
1,50,7
1,56,7
1,57,7
1,59,7
1,60,7
1,62,7
1,64,7
1,65,7
1,67,7
1,68,7
1,69,7
1,70,7
1,71,7
1,74,7
1,75,7
1,77,7
1,78,7
1,82,7
1,83,7
1,85,7
1,86,7
1,87,7
1,89,7
1,90,7
1,91,7
1,92,7
1,94,7
1,95,7
1,97,7
1,98,7
1,99,7
1,9,8
1,11,8
1,12,8
1,13,8
1,18,8
1,20,8
1,22,8
1,24,8
1,26,8
1,27,8
1,29,8
1,30,8
1,31,8
1,32,8
1,33,8
1,34,8
1,36,8
1,37,8
1,38,8
1,40,8
1,42,8
1,44,8
1,47,8
1,48,8
1,49,8
1,56,8
1,57,8
1,58,8
1,59,8
1,60,8
1,61,8
1,63,8
1,65,8
1,67,8
1,68,8
1,69,8
1,70,8
1,71,8
1,72,8
1,74,8
1,75,8
1,77,8
1,78,8
1,79,8
1,80,8
1,82,8
1,83,8
1,85,8
1,88,8
1,89,8
1,90,8
1,93,8
1,94,8
1,95,8
1,96,8
1,97,8
1,99,8
1,10,9
1,12,9
1,13,9
1,17,9
1,18,9
1,20,9
1,22,9
1,25,9
1,26,9
1,28,9
1,30,9
1,32,9
1,33,9
1,34,9
1,35,9
1,37,9
1,39,9
1,40,9
1,41,9
1,42,9
1,43,9
1,45,9
1,48,9
1,50,9
1,52,9
1,53,9
1,54,9
1,55,9
1,57,9
1,60,9
1,63,9
1,66,9
1,68,9
1,70,9
1,71,9
1,73,9
1,74,9
1,75,9
1,81,9
1,82,9
1,85,9
1,89,9
1,90,9
1,91,9
1,93,9
1,94,9
1,97,9
1,11,10
1,12,10
1,14,10
1,18,10
1,19,10
1,20,10
1,21,10
1,22,10
1,25,10
1,28,10
1,30,10
1,32,10
1,34,10
1,38,10
1,39,10
1,41,10
1,43,10
1,45,10
1,46,10
1,47,10
1,49,10
1,52,10
1,53,10
1,55,10
1,56,10
1,57,10
1,58,10
1,61,10
1,62,10
1,72,10
1,73,10
1,74,10
1,75,10
1,77,10
1,78,10
1,79,10
1,80,10
1,81,10
1,82,10
1,84,10
1,87,10
1,91,10
1,94,10
1,95,10
1,12,11
1,13,11
1,14,11
1,15,11
1,16,11
1,18,11
1,19,11
1,20,11
1,23,11
1,31,11
1,32,11
1,33,11
1,35,11
1,38,11
1,39,11
1,41,11
1,42,11
1,43,11
1,45,11
1,47,11
1,48,11
1,49,11
1,52,11
1,53,11
1,54,11
1,55,11
1,57,11
1,59,11
1,62,11
1,63,11
1,65,11
1,67,11
1,69,11
1,70,11
1,75,11
1,76,11
1,77,11
1,79,11
1,80,11
1,81,11
1,85,11
1,89,11
1,90,11
1,91,11
1,92,11
1,94,11
1,95,11
1,96,11
1,97,11
1,99,11
1,18,12
1,21,12
1,22,12
1,23,12
1,24,12
1,27,12
1,28,12
1,32,12
1,35,12
1,36,12
1,38,12
1,43,12
1,46,12
1,47,12
1,48,12
1,52,12
1,54,12
1,55,12
1,57,12
1,58,12
1,60,12
1,61,12
1,65,12
1,67,12
1,70,12
1,71,12
1,72,12
1,73,12
1,74,12
1,75,12
1,76,12
1,79,12
1,80,12
1,83,12
1,85,12
1,89,12
1,90,12
1,93,12
1,96,12
1,14,13
1,16,13
1,19,13
1,21,13
1,26,13
1,27,13
1,28,13
1,29,13
1,30,13
1,31,13
1,33,13
1,34,13
1,36,13
1,38,13
1,39,13
1,41,13
1,42,13
1,44,13
1,45,13
1,46,13
1,48,13
1,53,13
1,54,13
1,56,13
1,57,13
1,58,13
1,60,13
1,63,13
1,64,13
1,69,13
1,71,13
1,72,13
1,75,13
1,76,13
1,80,13
1,81,13
1,87,13
1,89,13
1,90,13
1,92,13
1,93,13
1,94,13
1,95,13
1,99,13
1,16,14
1,18,14
1,19,14
1,25,14
1,31,14
1,33,14
1,34,14
1,37,14
1,38,14
1,40,14
1,41,14
1,42,14
1,43,14
1,44,14
1,45,14
1,48,14
1,50,14
1,53,14
1,56,14
1,57,14
1,58,14
1,59,14
1,61,14
1,62,14
1,63,14
1,64,14
1,67,14
1,71,14
1,72,14
1,74,14
1,82,14
1,83,14
1,85,14
1,86,14
1,89,14
1,90,14
1,91,14
1,92,14
1,93,14
1,94,14
1,95,14
1,96,14
1,97,14
1,98,14
1,99,14
1,16,15
1,18,15
1,20,15
1,23,15
1,27,15
1,28,15
1,29,15
1,30,15
1,32,15
1,33,15
1,34,15
1,37,15
1,38,15
1,47,15
1,48,15
1,49,15
1,50,15
1,51,15
1,52,15
1,53,15
1,55,15
1,56,15
1,60,15
1,62,15
1,64,15
1,65,15
1,72,15
1,75,15
1,77,15
1,80,15
1,81,15
1,82,15
1,84,15
1,85,15
1,88,15
1,90,15
1,91,15
1,93,15
1,94,15
1,96,15
1,97,15
1,99,15
1,17,16
1,19,16
1,20,16
1,21,16
1,24,16
1,28,16
1,30,16
1,33,16
1,36,16
1,38,16
1,40,16
1,41,16
1,44,16
1,45,16
1,46,16
1,48,16
1,49,16
1,53,16
1,55,16
1,56,16
1,63,16
1,64,16
1,66,16
1,68,16
1,69,16
1,70,16
1,74,16
1,75,16
1,76,16
1,80,16
1,82,16
1,83,16
1,87,16
1,95,16
1,96,16
1,98,16
1,18,17
1,19,17
1,21,17
1,22,17
1,24,17
1,27,17
1,30,17
1,31,17
1,33,17
1,36,17
1,37,17
1,39,17
1,41,17
1,42,17
1,50,17
1,52,17
1,53,17
1,56,17
1,57,17
1,61,17
1,62,17
1,63,17
1,64,17
1,65,17
1,68,17
1,71,17
1,72,17
1,73,17
1,76,17
1,78,17
1,79,17
1,80,17
1,81,17
1,82,17
1,85,17
1,86,17
1,87,17
1,89,17
1,90,17
1,92,17
1,19,18
1,20,18
1,24,18
1,25,18
1,26,18
1,31,18
1,34,18
1,36,18
1,37,18
1,38,18
1,39,18
1,41,18
1,42,18
1,44,18
1,45,18
1,47,18
1,48,18
1,53,18
1,54,18
1,56,18
1,58,18
1,59,18
1,60,18
1,61,18
1,62,18
1,65,18
1,67,18
1,70,18
1,71,18
1,72,18
1,73,18
1,75,18
1,82,18
1,85,18
1,89,18
1,90,18
1,95,18
1,96,18
1,97,18
1,98,18
1,20,19
1,22,19
1,23,19
1,26,19
1,27,19
1,28,19
1,29,19
1,30,19
1,33,19
1,34,19
1,37,19
1,39,19
1,41,19
1,45,19
1,47,19
1,48,19
1,51,19
1,56,19
1,57,19
1,58,19
1,59,19
1,61,19
1,67,19
1,68,19
1,70,19
1,77,19
1,79,19
1,80,19
1,81,19
1,82,19
1,83,19
1,86,19
1,87,19
1,88,19
1,89,19
1,90,19
1,91,19
1,92,19
1,94,19
1,95,19
1,96,19
1,98,19
1,99,19
1,21,20
1,25,20
1,26,20
1,27,20
1,28,20
1,31,20
1,36,20
1,37,20
1,38,20
1,43,20
1,44,20
1,46,20
1,47,20
1,49,20
1,50,20
1,51,20
1,54,20
1,55,20
1,56,20
1,62,20
1,63,20
1,66,20
1,67,20
1,68,20
1,70,20
1,71,20
1,75,20
1,76,20
1,77,20
1,78,20
1,79,20
1,83,20
1,84,20
1,90,20
1,93,20
1,95,20
1,97,20
1,99,20
1,23,21
1,25,21
1,26,21
1,31,21
1,32,21
1,36,21
1,38,21
1,39,21
1,40,21
1,42,21
1,46,21
1,48,21
1,50,21
1,52,21
1,53,21
1,54,21
1,56,21
1,57,21
1,58,21
1,59,21
1,62,21
1,63,21
1,64,21
1,66,21
1,69,21
1,70,21
1,73,21
1,77,21
1,78,21
1,79,21
1,83,21
1,84,21
1,85,21
1,86,21
1,88,21
1,92,21
1,95,21
1,96,21
1,99,21
1,23,22
1,25,22
1,26,22
1,27,22
1,28,22
1,33,22
1,34,22
1,35,22
1,36,22
1,37,22
1,42,22
1,44,22
1,46,22
1,52,22
1,53,22
1,54,22
1,55,22
1,57,22
1,59,22
1,61,22
1,67,22
1,68,22
1,70,22
1,71,22
1,72,22
1,73,22
1,74,22
1,76,22
1,78,22
1,80,22
1,82,22
1,84,22
1,86,22
1,90,22
1,92,22
1,93,22
1,95,22
1,98,22
1,99,22
1,24,23
1,27,23
1,28,23
1,30,23
1,31,23
1,32,23
1,35,23
1,37,23
1,39,23
1,40,23
1,44,23
1,47,23
1,48,23
1,50,23
1,54,23
1,56,23
1,58,23
1,61,23
1,62,23
1,64,23
1,66,23
1,69,23
1,70,23
1,75,23
1,79,23
1,80,23
1,82,23
1,83,23
1,84,23
1,86,23
1,91,23
1,92,23
1,93,23
1,95,23
1,96,23
1,28,24
1,30,24
1,31,24
1,34,24
1,35,24
1,38,24
1,41,24
1,44,24
1,45,24
1,46,24
1,51,24
1,52,24
1,53,24
1,57,24
1,58,24
1,62,24
1,63,24
1,67,24
1,68,24
1,69,24
1,70,24
1,71,24
1,73,24
1,76,24
1,78,24
1,79,24
1,83,24
1,85,24
1,86,24
1,88,24
1,92,24
1,28,25
1,29,25
1,31,25
1,32,25
1,33,25
1,36,25
1,37,25
1,40,25
1,41,25
1,42,25
1,43,25
1,44,25
1,45,25
1,48,25
1,49,25
1,52,25
1,53,25
1,57,25
1,58,25
1,59,25
1,62,25
1,69,25
1,70,25
1,71,25
1,73,25
1,75,25
1,77,25
1,80,25
1,81,25
1,82,25
1,84,25
1,85,25
1,86,25
1,88,25
1,91,25
1,99,25
1,27,26
1,28,26
1,29,26
1,34,26
1,35,26
1,36,26
1,37,26
1,40,26
1,43,26
1,45,26
1,50,26
1,52,26
1,57,26
1,60,26
1,61,26
1,62,26
1,69,26
1,70,26
1,72,26
1,73,26
1,74,26
1,76,26
1,77,26
1,81,26
1,83,26
1,84,26
1,87,26
1,88,26
1,89,26
1,93,26
1,96,26
1,98,26
1,28,27
1,29,27
1,31,27
1,32,27
1,33,27
1,35,27
1,39,27
1,43,27
1,45,27
1,47,27
1,51,27
1,54,27
1,55,27
1,57,27
1,58,27
1,59,27
1,62,27
1,63,27
1,65,27
1,66,27
1,68,27
1,69,27
1,74,27
1,75,27
1,78,27
1,79,27
1,82,27
1,83,27
1,84,27
1,85,27
1,89,27
1,90,27
1,92,27
1,94,27
1,95,27
1,97,27
1,98,27
1,99,27
1,29,28
1,30,28
1,31,28
1,32,28
1,34,28
1,37,28
1,38,28
1,39,28
1,41,28
1,43,28
1,48,28
1,49,28
1,50,28
1,54,28
1,55,28
1,56,28
1,57,28
1,59,28
1,60,28
1,61,28
1,62,28
1,67,28
1,68,28
1,69,28
1,70,28
1,72,28
1,75,28
1,77,28
1,78,28
1,79,28
1,81,28
1,83,28
1,85,28
1,86,28
1,89,28
1,91,28
1,93,28
1,95,28
1,96,28
1,98,28
1,30,29
1,32,29
1,33,29
1,34,29
1,35,29
1,38,29
1,40,29
1,42,29
1,43,29
1,44,29
1,51,29
1,53,29
1,55,29
1,56,29
1,57,29
1,58,29
1,59,29
1,60,29
1,64,29
1,65,29
1,66,29
1,67,29
1,74,29
1,77,29
1,80,29
1,81,29
1,82,29
1,84,29
1,87,29
1,88,29
1,89,29
1,90,29
1,93,29
1,94,29
1,34,30
1,39,30
1,41,30
1,43,30
1,46,30
1,47,30
1,48,30
1,50,30
1,51,30
1,52,30
1,53,30
1,54,30
1,55,30
1,56,30
1,57,30
1,59,30
1,60,30
1,61,30
1,62,30
1,63,30
1,65,30
1,67,30
1,68,30
1,69,30
1,70,30
1,72,30
1,74,30
1,75,30
1,78,30
1,81,30
1,85,30
1,87,30
1,88,30
1,91,30
1,94,30
1,95,30
1,98,30
1,35,31
1,38,31
1,39,31
1,40,31
1,43,31
1,46,31
1,47,31
1,48,31
1,50,31
1,51,31
1,52,31
1,55,31
1,56,31
1,58,31
1,59,31
1,61,31
1,62,31
1,65,31
1,67,31
1,68,31
1,70,31
1,71,31
1,72,31
1,77,31
1,78,31
1,79,31
1,80,31
1,84,31
1,85,31
1,88,31
1,89,31
1,90,31
1,91,31
1,92,31
1,93,31
1,94,31
1,97,31
1,35,32
1,36,32
1,37,32
1,38,32
1,39,32
1,42,32
1,43,32
1,45,32
1,47,32
1,48,32
1,49,32
1,50,32
1,52,32
1,54,32
1,55,32
1,56,32
1,57,32
1,58,32
1,61,32
1,62,32
1,63,32
1,64,32
1,65,32
1,66,32
1,71,32
1,75,32
1,76,32
1,80,32
1,81,32
1,83,32
1,86,32
1,87,32
1,88,32
1,90,32
1,95,32
1,96,32
1,97,32
1,98,32
1,36,33
1,37,33
1,44,33
1,47,33
1,49,33
1,50,33
1,52,33
1,58,33
1,59,33
1,60,33
1,61,33
1,63,33
1,65,33
1,66,33
1,68,33
1,70,33
1,73,33
1,76,33
1,77,33
1,81,33
1,82,33
1,84,33
1,86,33
1,87,33
1,90,33
1,93,33
1,95,33
1,96,33
1,97,33
1,35,34
1,37,34
1,39,34
1,40,34
1,41,34
1,42,34
1,43,34
1,47,34
1,48,34
1,49,34
1,51,34
1,52,34
1,54,34
1,55,34
1,56,34
1,57,34
1,58,34
1,60,34
1,61,34
1,65,34
1,66,34
1,70,34
1,71,34
1,72,34
1,73,34
1,74,34
1,76,34
1,79,34
1,82,34
1,83,34
1,86,34
1,90,34
1,92,34
1,93,34
1,95,34
1,97,34
1,99,34
1,36,35
1,37,35
1,38,35
1,43,35
1,46,35
1,47,35
1,49,35
1,53,35
1,55,35
1,56,35
1,58,35
1,61,35
1,64,35
1,65,35
1,68,35
1,69,35
1,70,35
1,72,35
1,74,35
1,78,35
1,83,35
1,84,35
1,86,35
1,89,35
1,91,35
1,92,35
1,93,35
1,96,35
1,97,35
1,37,36
1,38,36
1,39,36
1,43,36
1,45,36
1,47,36
1,51,36
1,52,36
1,56,36
1,63,36
1,64,36
1,67,36
1,68,36
1,69,36
1,70,36
1,73,36
1,75,36
1,77,36
1,78,36
1,87,36
1,91,36
1,93,36
1,96,36
1,98,36
1,99,36
1,38,37
1,42,37
1,43,37
1,44,37
1,46,37
1,49,37
1,50,37
1,52,37
1,53,37
1,56,37
1,59,37
1,60,37
1,61,37
1,62,37
1,64,37
1,67,37
1,68,37
1,73,37
1,75,37
1,76,37
1,77,37
1,79,37
1,80,37
1,81,37
1,89,37
1,90,37
1,91,37
1,93,37
1,94,37
1,98,37
1,39,38
1,40,38
1,45,38
1,46,38
1,47,38
1,48,38
1,50,38
1,51,38
1,52,38
1,53,38
1,54,38
1,55,38
1,58,38
1,59,38
1,60,38
1,68,38
1,71,38
1,73,38
1,74,38
1,75,38
1,78,38
1,81,38
1,83,38
1,84,38
1,88,38
1,91,38
1,93,38
1,95,38
1,96,38
1,99,38
1,40,39
1,41,39
1,42,39
1,43,39
1,48,39
1,53,39
1,55,39
1,56,39
1,63,39
1,64,39
1,65,39
1,66,39
1,67,39
1,69,39
1,70,39
1,72,39
1,78,39
1,82,39
1,87,39
1,88,39
1,92,39
1,95,39
1,99,39
1,43,40
1,45,40
1,47,40
1,48,40
1,52,40
1,54,40
1,56,40
1,58,40
1,59,40
1,61,40
1,64,40
1,67,40
1,70,40
1,71,40
1,72,40
1,74,40
1,76,40
1,77,40
1,78,40
1,80,40
1,82,40
1,84,40
1,87,40
1,88,40
1,89,40
1,92,40
1,94,40
1,45,41
1,47,41
1,49,41
1,50,41
1,51,41
1,52,41
1,53,41
1,55,41
1,59,41
1,61,41
1,63,41
1,64,41
1,66,41
1,67,41
1,68,41
1,69,41
1,70,41
1,75,41
1,76,41
1,78,41
1,79,41
1,82,41
1,83,41
1,84,41
1,85,41
1,86,41
1,87,41
1,92,41
1,97,41
1,99,41
1,49,42
1,50,42
1,51,42
1,53,42
1,54,42
1,56,42
1,60,42
1,64,42
1,65,42
1,69,42
1,71,42
1,73,42
1,80,42
1,83,42
1,84,42
1,85,42
1,95,42
1,99,42
1,44,43
1,45,43
1,47,43
1,48,43
1,51,43
1,53,43
1,54,43
1,55,43
1,57,43
1,58,43
1,59,43
1,63,43
1,64,43
1,65,43
1,67,43
1,68,43
1,71,43
1,72,43
1,74,43
1,75,43
1,77,43
1,78,43
1,80,43
1,86,43
1,87,43
1,96,43
1,98,43
1,99,43
1,46,44
1,47,44
1,48,44
1,49,44
1,50,44
1,51,44
1,52,44
1,53,44
1,54,44
1,58,44
1,59,44
1,60,44
1,61,44
1,65,44
1,70,44
1,71,44
1,72,44
1,73,44
1,74,44
1,78,44
1,83,44
1,85,44
1,86,44
1,90,44
1,92,44
1,94,44
1,95,44
1,97,44
1,99,44
1,47,45
1,51,45
1,52,45
1,54,45
1,55,45
1,56,45
1,59,45
1,63,45
1,65,45
1,67,45
1,68,45
1,71,45
1,72,45
1,73,45
1,74,45
1,75,45
1,76,45
1,79,45
1,81,45
1,85,45
1,86,45
1,89,45
1,90,45
1,92,45
1,93,45
1,95,45
1,99,45
1,47,46
1,48,46
1,50,46
1,53,46
1,54,46
1,55,46
1,56,46
1,58,46
1,61,46
1,62,46
1,64,46
1,65,46
1,66,46
1,67,46
1,68,46
1,69,46
1,73,46
1,75,46
1,76,46
1,78,46
1,83,46
1,86,46
1,88,46
1,90,46
1,91,46
1,96,46
1,97,46
1,49,47
1,50,47
1,51,47
1,52,47
1,53,47
1,54,47
1,56,47
1,63,47
1,64,47
1,68,47
1,70,47
1,71,47
1,73,47
1,74,47
1,75,47
1,77,47
1,83,47
1,84,47
1,88,47
1,90,47
1,91,47
1,92,47
1,95,47
1,96,47
1,99,47
1,50,48
1,51,48
1,52,48
1,54,48
1,55,48
1,60,48
1,61,48
1,63,48
1,64,48
1,65,48
1,66,48
1,69,48
1,72,48
1,73,48
1,74,48
1,80,48
1,81,48
1,82,48
1,86,48
1,87,48
1,88,48
1,93,48
1,94,48
1,95,48
1,96,48
1,97,48
1,98,48
1,99,48
1,50,49
1,51,49
1,52,49
1,53,49
1,54,49
1,55,49
1,56,49
1,57,49
1,60,49
1,62,49
1,63,49
1,66,49
1,68,49
1,69,49
1,74,49
1,78,49
1,83,49
1,84,49
1,86,49
1,89,49
1,90,49
1,91,49
1,92,49
1,93,49
1,94,49
1,96,49
1,97,49
1,99,49
1,51,50
1,52,50
1,53,50
1,54,50
1,55,50
1,56,50
1,58,50
1,59,50
1,62,50
1,63,50
1,64,50
1,66,50
1,72,50
1,73,50
1,74,50
1,75,50
1,77,50
1,78,50
1,79,50
1,81,50
1,85,50
1,87,50
1,89,50
1,93,50
1,94,50
1,95,50
1,97,50
1,53,51
1,55,51
1,58,51
1,59,51
1,60,51
1,64,51
1,65,51
1,66,51
1,70,51
1,71,51
1,74,51
1,75,51
1,78,51
1,80,51
1,81,51
1,82,51
1,84,51
1,85,51
1,87,51
1,88,51
1,92,51
1,93,51
1,94,51
1,97,51
1,56,52
1,58,52
1,59,52
1,61,52
1,62,52
1,63,52
1,65,52
1,66,52
1,68,52
1,71,52
1,72,52
1,73,52
1,74,52
1,75,52
1,76,52
1,77,52
1,81,52
1,82,52
1,85,52
1,86,52
1,87,52
1,88,52
1,89,52
1,90,52
1,95,52
1,96,52
1,97,52
1,98,52
1,57,53
1,58,53
1,60,53
1,62,53
1,63,53
1,64,53
1,67,53
1,69,53
1,71,53
1,72,53
1,77,53
1,78,53
1,79,53
1,80,53
1,82,53
1,84,53
1,87,53
1,89,53
1,91,53
1,93,53
1,95,53
1,96,53
1,97,53
1,55,54
1,58,54
1,64,54
1,65,54
1,68,54
1,69,54
1,70,54
1,75,54
1,82,54
1,84,54
1,85,54
1,86,54
1,87,54
1,88,54
1,89,54
1,92,54
1,93,54
1,96,54
1,97,54
1,98,54
1,60,55
1,61,55
1,63,55
1,64,55
1,65,55
1,69,55
1,70,55
1,71,55
1,72,55
1,74,55
1,75,55
1,77,55
1,80,55
1,82,55
1,84,55
1,89,55
1,92,55
1,95,55
1,98,55
1,99,55
1,58,56
1,60,56
1,61,56
1,62,56
1,63,56
1,65,56
1,69,56
1,70,56
1,71,56
1,72,56
1,73,56
1,75,56
1,77,56
1,80,56
1,81,56
1,82,56
1,83,56
1,85,56
1,88,56
1,89,56
1,91,56
1,93,56
1,95,56
1,96,56
1,99,56
1,59,57
1,62,57
1,63,57
1,64,57
1,66,57
1,68,57
1,70,57
1,72,57
1,73,57
1,74,57
1,75,57
1,76,57
1,77,57
1,78,57
1,79,57
1,80,57
1,83,57
1,86,57
1,87,57
1,88,57
1,90,57
1,92,57
1,93,57
1,96,57
1,97,57
1,99,57
1,59,58
1,60,58
1,62,58
1,63,58
1,65,58
1,67,58
1,69,58
1,70,58
1,74,58
1,76,58
1,77,58
1,78,58
1,79,58
1,80,58
1,82,58
1,84,58
1,85,58
1,88,58
1,92,58
1,93,58
1,97,58
1,99,58
1,60,59
1,62,59
1,66,59
1,67,59
1,68,59
1,73,59
1,77,59
1,80,59
1,81,59
1,82,59
1,84,59
1,85,59
1,86,59
1,88,59
1,89,59
1,91,59
1,93,59
1,94,59
1,96,59
1,97,59
1,98,59
1,99,59
1,61,60
1,62,60
1,64,60
1,65,60
1,67,60
1,70,60
1,71,60
1,73,60
1,75,60
1,76,60
1,80,60
1,81,60
1,83,60
1,84,60
1,85,60
1,89,60
1,91,60
1,93,60
1,94,60
1,62,61
1,64,61
1,67,61
1,68,61
1,69,61
1,71,61
1,73,61
1,74,61
1,75,61
1,78,61
1,79,61
1,80,61
1,82,61
1,83,61
1,84,61
1,85,61
1,86,61
1,88,61
1,89,61
1,91,61
1,95,61
1,96,61
1,98,61
1,99,61
1,65,62
1,68,62
1,69,62
1,71,62
1,72,62
1,77,62
1,80,62
1,82,62
1,83,62
1,84,62
1,85,62
1,88,62
1,89,62
1,91,62
1,95,62
1,96,62
1,66,63
1,69,63
1,70,63
1,73,63
1,77,63
1,83,63
1,88,63
1,90,63
1,92,63
1,93,63
1,94,63
1,96,63
1,97,63
1,99,63
1,65,64
1,67,64
1,69,64
1,71,64
1,74,64
1,75,64
1,76,64
1,78,64
1,79,64
1,81,64
1,85,64
1,87,64
1,91,64
1,92,64
1,94,64
1,96,64
1,97,64
1,67,65
1,69,65
1,71,65
1,73,65
1,79,65
1,82,65
1,84,65
1,86,65
1,96,65
1,97,65
1,98,65
1,68,66
1,69,66
1,72,66
1,74,66
1,77,66
1,78,66
1,79,66
1,80,66
1,81,66
1,82,66
1,83,66
1,86,66
1,87,66
1,89,66
1,93,66
1,95,66
1,97,66
1,98,66
1,68,67
1,69,67
1,73,67
1,74,67
1,76,67
1,77,67
1,79,67
1,84,67
1,88,67
1,92,67
1,94,67
1,95,67
1,96,67
1,97,67
1,98,67
1,99,67
1,69,68
1,71,68
1,74,68
1,76,68
1,77,68
1,81,68
1,84,68
1,86,68
1,90,68
1,94,68
1,95,68
1,96,68
1,98,68
1,73,69
1,75,69
1,77,69
1,79,69
1,81,69
1,83,69
1,84,69
1,86,69
1,91,69
1,92,69
1,93,69
1,95,69
1,97,69
1,99,69
1,71,70
1,72,70
1,73,70
1,74,70
1,80,70
1,83,70
1,86,70
1,87,70
1,88,70
1,90,70
1,91,70
1,94,70
1,95,70
1,98,70
1,72,71
1,73,71
1,74,71
1,76,71
1,78,71
1,79,71
1,80,71
1,82,71
1,83,71
1,84,71
1,86,71
1,87,71
1,90,71
1,91,71
1,92,71
1,93,71
1,97,71
1,98,71
1,99,71
1,73,72
1,74,72
1,75,72
1,76,72
1,77,72
1,80,72
1,81,72
1,82,72
1,84,72
1,88,72
1,89,72
1,90,72
1,93,72
1,96,72
1,97,72
1,98,72
1,75,73
1,77,73
1,78,73
1,79,73
1,80,73
1,81,73
1,82,73
1,84,73
1,85,73
1,89,73
1,90,73
1,92,73
1,93,73
1,96,73
1,97,73
1,98,73
1,99,73
1,78,74
1,80,74
1,83,74
1,85,74
1,88,74
1,90,74
1,92,74
1,93,74
1,94,74
1,96,74
1,97,74
1,98,74
1,99,74
1,76,75
1,78,75
1,81,75
1,86,75
1,87,75
1,90,75
1,91,75
1,93,75
1,95,75
1,97,75
1,98,75
1,77,76
1,78,76
1,80,76
1,81,76
1,82,76
1,84,76
1,85,76
1,87,76
1,88,76
1,90,76
1,91,76
1,96,76
1,78,77
1,80,77
1,81,77
1,82,77
1,85,77
1,86,77
1,87,77
1,88,77
1,90,77
1,91,77
1,92,77
1,93,77
1,95,77
1,96,77
1,79,78
1,80,78
1,83,78
1,84,78
1,85,78
1,88,78
1,90,78
1,91,78
1,93,78
1,95,78
1,99,78
1,82,79
1,83,79
1,84,79
1,85,79
1,86,79
1,87,79
1,88,79
1,91,79
1,92,79
1,93,79
1,94,79
1,95,79
1,97,79
1,99,79
1,81,80
1,83,80
1,84,80
1,90,80
1,94,80
1,95,80
1,96,80
1,98,80
1,86,81
1,87,81
1,89,81
1,91,81
1,92,81
1,95,81
1,96,81
1,97,81
1,99,81
1,84,82
1,85,82
1,86,82
1,95,82
1,96,82
1,99,82
1,84,83
1,89,83
1,91,83
1,92,83
1,94,83
1,95,83
1,96,83
1,97,83
1,85,84
1,86,84
1,90,84
1,91,84
1,93,84
1,94,84
1,95,84
1,96,84
1,97,84
1,98,84
1,99,84
1,88,85
1,90,85
1,92,85
1,94,85
1,96,85
1,87,86
1,92,86
1,95,86
1,97,86
1,98,86
1,99,86
1,88,87
1,89,87
1,91,87
1,92,87
1,93,87
1,94,87
1,97,87
1,99,87
1,89,88
1,91,88
1,92,88
1,93,88
1,94,88
1,90,89
1,92,89
1,93,89
1,96,89
1,97,89
1,98,89
1,91,90
1,94,90
1,97,90
1,98,90
1,96,91
1,93,92
1,95,92
1,96,92
1,94,93
1,96,93
1,97,93
1,99,93
1,96,94
1,97,94
1,97,95
1,98,95
1,99,95
1,97,96
1,98,96
1,99,97
