896, 100, 2, 896, 103, 0, 906, 94, 0, 910, 89, 0, 907, 93, 0, 876, 123, 0, 910, 89, 0, 896, 103, 0, 898, 102, 0, 910, 89, 0, 900, 99, 0, 873, 126, 0, 894, 102, 3, 885, 114, 0, 901, 98, 0, 874, 125, 0, 910, 91, 0, 912, 88, 0, 905, 94, 0, 906, 94, 0, 908, 92, 0, 897, 103, 0, 911, 87, 0, 880, 119, 0, 906, 93, 0, 892, 107, 0, 897, 101, 1, 906, 94, 0, 908, 89, 1, 900, 99, 0, 898, 102, 0, 912, 87, 0, 877, 122, 0, 897, 103, 0, 906, 93, 0, 912, 88, 0, 912, 88, 0, 901, 99, 0, 896, 103, 0, 908, 91, 0, 899, 101, 0, 894, 106, 0, 907, 92, 0, 903, 97, 0, 896, 103, 0, 884, 117, 0, 908, 88, 2, 894, 103, 1, 910, 90, 0, 895, 103, 0
853, 140, 5, 845, 149, 5, 870, 125, 5, 868, 124, 7, 863, 134, 3, 800, 188, 11, 883, 111, 5, 839, 152, 8, 861, 133, 6, 802, 195, 2, 819, 254, 10, 817, 212, 9, 835, 156, 8, 790, 240, 11, 863, 131, 5, 828, 164, 7, 839, 158, 4, 867, 129, 4, 868, 129, 2, 867, 126, 7, 805, 239, 2, 807, 189, 4, 798, 198, 2, 786, 208, 5, 863, 134, 2, 853, 144, 2, 771, 222, 6, 865, 124, 11, 869, 122, 7, 847, 146, 6, 782, 212, 6, 801, 196, 2, 753, 240, 6, 812, 233, 6, 799, 235, 3, 880, 116, 4, 836, 157, 7, 773, 224, 3, 828, 166, 5, 832, 164, 3, 817, 180, 3, 825, 171, 4, 789, 206, 4, 831, 165, 4, 771, 224, 4, 756, 294, 8, 861, 129, 8, 802, 190, 6, 871, 126, 3, 801, 190, 7
786, 204, 8, 781, 210, 8, 823, 165, 12, 816, 173, 10, 804, 186, 10, 642, 341, 16, 828, 161, 10, 783, 200, 16, 803, 185, 12, 574, 419, 6, 624, 601, 23, 657, 359, 22, 773, 213, 13, 588, 492, 26, 807, 178, 14, 771, 206, 22, 680, 312, 9, 812, 177, 11, 821, 168, 10, 820, 171, 9, 589, 541, 13, 632, 354, 14, 554, 435, 9, 647, 338, 14, 800, 191, 8, 795, 193, 11, 507, 475, 17, 813, 169, 18, 822, 156, 20, 805, 174, 20, 561, 424, 15, 572, 415, 12, 524, 460, 15, 658, 474, 22, 591, 519, 14, 818, 173, 9, 698, 289, 13, 554, 437, 9, 692, 293, 14, 690, 297, 12, 647, 346, 7, 679, 311, 10, 569, 420, 10, 645, 345, 10, 538, 449, 12, 470, 684, 27, 817, 165, 16, 639, 345, 14, 823, 166, 11, 620, 362, 16
719, 261, 18, 696, 283, 20, 701, 280, 19, 745, 228, 26, 730, 249, 21, 447, 523, 29, 725, 297, 25, 664, 305, 30, 744, 229, 27, 351, 652, 30, 409, 884, 51, 489, 537, 39, 649, 329, 21, 393, 708, 49, 714, 258, 27, 707, 261, 31, 474, 506, 21, 744, 238, 18, 749, 231, 19, 744, 241, 15, 379, 802, 41, 415, 547, 38, 343, 625, 30, 471, 500, 28, 724, 260, 15, 731, 246, 22, 272, 687, 40, 709, 264, 27, 713, 255, 30, 726, 248, 25, 307, 652, 41, 336, 635, 28, 325, 641, 33, 450, 727, 47, 372, 790, 39, 739, 246, 15, 543, 430, 27, 336, 632, 32, 498, 472, 29, 494, 518, 23, 463, 511, 26, 504, 476, 20, 331, 664, 33, 398, 598, 29, 309, 670, 42, 238, 965, 59, 758, 217, 23, 447, 518, 33, 769, 213, 18, 409, 570, 44
638, 332, 28, 617, 349, 33, 557, 408, 35, 666, 291, 42, 640, 323, 37, 266, 682, 51, 608, 448, 43, 502, 458, 39, 661, 303, 36, 180, 823, 51, 254, 1048, 93, 314, 713, 69, 499, 470, 30, 230, 876, 78, 569, 395, 35, 627, 326, 46, 282, 674, 45, 672, 294, 34, 667, 301, 31, 646, 331, 23, 209, 979, 87, 246, 694, 60, 165, 776, 57, 288, 661, 50, 640, 332, 27, 646, 324, 29, 106, 804, 89, 605, 361, 34, 571, 387, 40, 642, 320, 37, 153, 783, 64, 178, 756, 65, 166, 776, 57, 294, 890, 88, 190, 988, 70, 651, 319, 30, 363, 589, 48, 169, 765, 66, 333, 616, 50, 318, 689, 50, 276, 665, 59, 331, 618, 51, 152, 825, 64, 206, 781, 59, 162, 799, 77, 123, 1073, 109, 677, 289, 32, 279, 660, 59, 689, 284, 27, 231, 742, 71
549, 408, 41, 507, 448, 44, 425, 527, 48, 582, 355, 62, 555, 393, 52, 141, 780, 78, 477, 600, 70, 366, 573, 60, 564, 388, 48, 94, 887, 82, 150, 1131, 147, 205, 813, 106, 352, 597, 50, 130, 974, 113, 425, 522, 52, 531, 410, 58, 158, 762, 81, 572, 378, 50, 575, 379, 45, 550, 412, 38, 99, 1063, 129, 126, 779, 95, 74, 825, 99, 149, 763, 87, 550, 407, 42, 537, 416, 46, 47, 821, 131, 469, 479, 52, 423, 523, 52, 555, 388, 56, 60, 839, 101, 90, 806, 103, 85, 819, 95, 171, 997, 148, 104, 1041, 129, 573, 381, 46, 195, 730, 75, 82, 815, 103, 182, 735, 82, 195, 814, 91, 158, 751, 91, 196, 730, 74, 77, 872, 96, 114, 853, 97, 81, 855, 109, 58, 1097, 165, 587, 366, 45, 161, 750, 87, 591, 364, 45, 122, 821, 114
465, 473, 60, 403, 528, 68, 301, 627, 72, 497, 419, 83, 458, 476, 66, 73, 819, 107, 331, 760, 90, 237, 673, 89, 457, 471, 72, 45, 898, 126, 93, 1150, 207, 107, 891, 142, 232, 678, 89, 65, 997, 159, 295, 632, 72, 437, 476, 86, 93, 777, 131, 469, 467, 64, 467, 461, 71, 432, 506, 62, 50, 1059, 185, 75, 785, 140, 40, 830, 128, 76, 793, 130, 438, 492, 69, 438, 498, 63, 27, 796, 176, 336, 588, 76, 298, 625, 75, 467, 453, 79, 31, 834, 135, 42, 810, 147, 40, 818, 141, 100, 1022, 205, 56, 1054, 170, 486, 454, 60, 113, 772, 115, 36, 814, 150, 99, 779, 121, 118, 872, 127, 88, 790, 122, 113, 784, 103, 37, 875, 137, 56, 879, 135, 42, 858, 152, 37, 1061, 224, 489, 453, 56, 97, 784, 117, 491, 446, 63, 79, 833, 150
354, 556, 88, 325, 583, 91, 193, 698, 109, 382, 518, 99, 362, 548, 90, 37, 809, 153, 223, 856, 125, 147, 736, 116, 370, 531, 99, 14, 874, 182, 57, 1132, 271, 44, 918, 188, 149, 730, 120, 28, 993, 204, 189, 704, 106, 341, 550, 108, 63, 777, 161, 373, 547, 80, 374, 520, 105, 328, 580, 92, 10, 1053, 236, 41, 777, 182, 13, 809, 176, 34, 802, 163, 337, 568, 94, 336, 569, 94, 13, 777, 209, 230, 666, 104, 184, 709, 105, 371, 535, 93, 9, 828, 163, 21, 794, 184, 9, 812, 178, 49, 1039, 250, 23, 1032, 227, 378, 547, 75, 53, 795, 152, 12, 794, 194, 39, 802, 158, 68, 890, 178, 49, 790, 161, 69, 796, 135, 21, 850, 183, 25, 877, 172, 21, 846, 188, 15, 1024, 285, 382, 532, 84, 56, 774, 168, 402, 522, 76, 41, 839, 185
279, 608, 111, 248, 628, 123, 118, 739, 143, 293, 590, 116, 273, 607, 120, 17, 789, 193, 131, 921, 164, 90, 757, 152, 272, 598, 130, 3, 849, 220, 45, 1124, 312, 25, 899, 228, 93, 742, 164, 15, 961, 253, 121, 738, 140, 252, 612, 135, 37, 770, 194, 271, 614, 115, 288, 578, 133, 251, 629, 120, 6, 1001, 292, 27, 744, 229, 4, 777, 217, 8, 783, 208, 255, 632, 112, 254, 619, 126, 7, 750, 242, 139, 727, 134, 118, 749, 131, 283, 597, 119, 4, 793, 203, 7, 777, 215, 0, 778, 221, 21, 1025, 298, 16, 993, 277, 281, 619, 100, 23, 780, 197, 5, 763, 232, 20, 787, 192, 46, 875, 227, 29, 778, 193, 31, 794, 175, 10, 826, 219, 9, 853, 213, 12, 813, 230, 4, 989, 332, 290, 597, 111, 34, 758, 206, 305, 589, 106, 20, 821, 227
208, 650, 140, 175, 678, 146, 68, 760, 172, 215, 637, 147, 207, 645, 148, 10, 755, 234, 76, 917, 226, 54, 758, 187, 203, 633, 164, 3, 806, 264, 29, 1097, 362, 13, 884, 255, 55, 745, 199, 8, 916, 305, 81, 741, 177, 184, 657, 158, 21, 748, 232, 192, 657, 151, 219, 613, 167, 183, 673, 144, 1, 944, 354, 17, 725, 258, 3, 737, 258, 3, 746, 250, 173, 687, 139, 185, 658, 156, 5, 713, 281, 85, 753, 162, 81, 750, 167, 207, 649, 143, 2, 758, 240, 3, 754, 242, 0, 736, 263, 12, 981, 352, 9, 963, 314, 196, 682, 122, 17, 752, 231, 3, 727, 270, 5, 771, 223, 28, 853, 268, 20, 748, 232, 19, 770, 211, 7, 787, 261, 7, 816, 253, 9, 778, 271, 3, 930, 392, 215, 641, 142, 23, 726, 249, 228, 643, 129, 10, 808, 250
148, 687, 163, 120, 690, 189, 43, 737, 220, 156, 656, 187, 148, 678, 174, 7, 726, 266, 54, 907, 262, 25, 752, 222, 160, 642, 198, 3, 769, 301, 20, 1041, 430, 7, 846, 299, 32, 731, 236, 6, 871, 352, 52, 739, 208, 137, 673, 189, 15, 719, 267, 153, 667, 180, 161, 648, 190, 133, 693, 174, 0, 906, 393, 13, 684, 303, 2, 703, 293, 1, 705, 293, 121, 700, 178, 135, 668, 196, 4, 678, 317, 51, 758, 191, 56, 726, 216, 148, 686, 165, 1, 713, 286, 3, 718, 278, 0, 696, 303, 6, 937, 403, 8, 922, 356, 137, 711, 152, 13, 726, 261, 2, 680, 318, 1, 732, 266, 17, 809, 323, 11, 721, 268, 10, 737, 253, 3, 752, 300, 3, 783, 291, 8, 739, 311, 2, 872, 451, 156, 659, 183, 18, 710, 270, 172, 674, 154, 5, 769, 294
114, 687, 197, 94, 688, 217, 29, 712, 259, 118, 661, 220, 109, 681, 210, 5, 687, 307, 43, 882, 301, 15, 714, 270, 115, 658, 227, 2, 737, 334, 16, 1002, 474, 4, 803, 346, 14, 708, 277, 3, 838, 388, 31, 723, 245, 97, 676, 226, 11, 690, 300, 112, 662, 226, 112, 662, 225, 99, 699, 202, 0, 862, 437, 8, 649, 343, 1, 671, 326, 0, 668, 331, 88, 699, 212, 97, 668, 234, 3, 645, 351, 33, 738, 229, 41, 702, 255, 107, 698, 194, 1, 678, 321, 2, 687, 310, 0, 663, 336, 2, 900, 444, 2, 883, 401, 90, 725, 185, 9, 697, 294, 0, 647, 353, 1, 691, 307, 10, 783, 356, 5, 685, 310, 6, 705, 289, 2, 707, 346, 1, 747, 330, 5, 709, 346, 1, 824, 500, 107, 683, 208, 13, 675, 310, 133, 679, 188, 4, 730, 334
88, 679, 231, 75, 669, 255, 24, 687, 289, 89, 659, 251, 81, 667, 252, 4, 651, 344, 31, 859, 336, 9, 687, 303, 83, 661, 256, 1, 708, 364, 11, 964, 516, 1, 776, 376, 11, 689, 299, 2, 803, 424, 18, 694, 287, 70, 673, 256, 9, 664, 328, 79, 671, 250, 85, 660, 254, 71, 690, 239, 0, 836, 463, 6, 619, 375, 1, 641, 356, 0, 631, 368, 66, 681, 252, 69, 664, 266, 3, 609, 387, 23, 724, 253, 25, 681, 292, 74, 697, 228, 0, 647, 353, 2, 654, 343, 0, 627, 372, 2, 858, 486, 0, 846, 440, 58, 724, 218, 4, 654, 342, 0, 609, 391, 0, 661, 338, 8, 752, 389, 4, 653, 343, 5, 670, 325, 2, 673, 380, 1, 698, 379, 3, 688, 370, 1, 788, 536, 84, 673, 241, 9, 649, 340, 88, 694, 218, 3, 703, 362
65, 664, 269, 55, 664, 280, 14, 663, 323, 66, 656, 277, 62, 658, 280, 3, 621, 375, 23, 817, 386, 8, 657, 334, 61, 657, 282, 1, 680, 392, 7, 913, 571, 0, 744, 409, 8, 660, 331, 1, 770, 458, 12, 671, 316, 54, 665, 280, 5, 630, 366, 52, 670, 278, 67, 649, 283, 49, 688, 263, 0, 793, 506, 4, 592, 404, 0, 610, 388, 0, 608, 391, 46, 666, 287, 50, 648, 301, 3, 571, 425, 17, 683, 300, 16, 649, 333, 58, 675, 266, 0, 618, 382, 2, 620, 377, 0, 597, 402, 1, 820, 525, 0, 805, 481, 36, 711, 253, 3, 619, 378, 0, 580, 420, 0, 620, 379, 3, 722, 424, 1, 620, 379, 2, 637, 361, 2, 638, 415, 1, 650, 427, 1, 656, 404, 1, 757, 567, 60, 667, 271, 7, 616, 375, 65, 686, 249, 1, 665, 402
49, 655, 294, 39, 650, 310, 11, 626, 363, 50, 637, 312, 42, 645, 313, 3, 589, 407, 15, 787, 425, 7, 627, 365, 47, 644, 309, 1, 641, 431, 4, 860, 627, 0, 711, 442, 6, 625, 368, 0, 737, 492, 8, 643, 348, 42, 649, 308, 2, 597, 402, 38, 657, 305, 46, 640, 313, 35, 658, 307, 0, 754, 545, 2, 568, 430, 0, 594, 404, 0, 577, 422, 32, 633, 334, 41, 619, 339, 3, 540, 456, 13, 657, 330, 10, 620, 368, 38, 658, 303, 0, 582, 418, 2, 586, 411, 0, 574, 425, 0, 780, 566, 0, 767, 519, 26, 686, 288, 0, 582, 418, 0, 550, 450, 0, 586, 413, 3, 680, 466, 1, 594, 405, 2, 606, 392, 2, 612, 441, 0, 626, 452, 1, 626, 434, 1, 723, 601, 41, 653, 304, 4, 595, 399, 47, 677, 276, 1, 631, 436
36, 630, 332, 28, 634, 337, 11, 604, 385, 32, 624, 343, 27, 630, 343, 2, 562, 435, 12, 761, 454, 4, 600, 395, 37, 621, 342, 0, 613, 460, 4, 818, 669, 0, 672, 481, 4, 595, 400, 0, 704, 525, 4, 613, 382, 26, 641, 332, 2, 571, 428, 30, 630, 340, 29, 628, 342, 26, 641, 333, 0, 710, 589, 2, 548, 450, 0, 574, 424, 0, 546, 453, 24, 609, 366, 29, 602, 368, 2, 516, 481, 8, 624, 368, 10, 591, 397, 30, 634, 335, 0, 560, 440, 0, 559, 440, 0, 538, 461, 0, 745, 601, 0, 726, 560, 19, 660, 321, 0, 556, 444, 0, 527, 473, 0, 556, 443, 3, 638, 508, 1, 569, 430, 2, 574, 424, 2, 578, 475, 0, 587, 491, 1, 594, 466, 1, 688, 636, 32, 628, 338, 2, 565, 431, 33, 656, 311, 1, 597, 470
25, 603, 370, 18, 614, 367, 11, 587, 402, 25, 596, 378, 20, 613, 367, 1, 538, 460, 10, 717, 500, 4, 566, 429, 25, 602, 373, 0, 580, 493, 2, 786, 703, 0, 648, 505, 4, 570, 425, 0, 664, 565, 4, 584, 411, 16, 627, 356, 1, 553, 447, 19, 607, 374, 24, 600, 375, 20, 621, 359, 0, 679, 620, 1, 530, 469, 0, 544, 454, 0, 521, 478, 18, 588, 393, 24, 573, 402, 2, 483, 514, 6, 598, 396, 8, 566, 424, 25, 611, 363, 0, 535, 465, 0, 533, 466, 0, 514, 485, 0, 709, 637, 0, 676, 610, 15, 641, 344, 0, 534, 466, 0, 494, 506, 0, 532, 467, 3, 605, 541, 1, 542, 457, 1, 550, 449, 1, 557, 497, 0, 540, 538, 0, 576, 485, 1, 659, 665, 24, 617, 357, 2, 534, 462, 23, 635, 342, 0, 569, 499
17, 584, 397, 13, 589, 397, 5, 568, 427, 20, 576, 403, 17, 578, 405, 1, 507, 491, 9, 691, 527, 4, 537, 458, 15, 580, 405, 0, 549, 524, 2, 744, 745, 0, 618, 535, 3, 536, 460, 0, 633, 596, 4, 554, 441, 14, 606, 379, 1, 519, 481, 16, 591, 393, 19, 580, 400, 13, 595, 392, 0, 652, 647, 1, 506, 493, 0, 513, 485, 0, 495, 504, 10, 569, 420, 21, 545, 433, 1, 463, 535, 4, 570, 426, 8, 536, 454, 18, 584, 397, 0, 504, 496, 0, 511, 488, 0, 486, 513, 0, 673, 673, 0, 652, 634, 5, 629, 366, 0, 513, 487, 0, 463, 537, 0, 509, 490, 2, 578, 569, 0, 512, 488, 1, 519, 480, 0, 533, 522, 0, 511, 567, 0, 549, 512, 0, 632, 693, 16, 603, 379, 2, 517, 479, 13, 611, 376, 0, 536, 532
10, 556, 432, 9, 563, 427, 3, 545, 452, 17, 552, 430, 11, 564, 425, 1, 483, 515, 8, 656, 563, 3, 508, 488, 10, 557, 433, 0, 523, 550, 1, 711, 779, 0, 589, 564, 3, 515, 481, 0, 608, 621, 4, 526, 469, 10, 570, 419, 1, 502, 498, 10, 565, 425, 13, 552, 434, 10, 565, 425, 0, 627, 672, 1, 482, 517, 0, 492, 506, 0, 470, 529, 7, 540, 452, 15, 519, 465, 0, 445, 554, 2, 536, 462, 5, 510, 483, 12, 553, 434, 0, 478, 522, 0, 482, 517, 0, 470, 529, 0, 637, 709, 0, 622, 664, 4, 604, 392, 0, 490, 510, 0, 446, 554, 0, 481, 518, 1, 543, 605, 0, 480, 520, 1, 487, 512, 0, 511, 544, 0, 481, 597, 0, 520, 541, 0, 601, 724, 12, 580, 406, 1, 487, 510, 10, 595, 395, 0, 509, 559
8, 534, 456, 8, 537, 454, 3, 508, 489, 14, 527, 458, 7, 537, 456, 1, 463, 535, 5, 631, 591, 2, 484, 513, 7, 533, 460, 0, 500, 573, 0, 681, 810, 0, 562, 591, 3, 490, 506, 0, 575, 654, 3, 501, 495, 8, 543, 448, 1, 481, 519, 6, 545, 449, 10, 533, 456, 7, 534, 459, 0, 594, 705, 0, 456, 544, 0, 473, 525, 0, 449, 550, 7, 508, 484, 11, 498, 490, 0, 424, 575, 1, 513, 486, 4, 484, 510, 11, 526, 462, 0, 453, 547, 0, 463, 536, 0, 441, 558, 0, 613, 733, 0, 597, 689, 4, 573, 423, 0, 468, 532, 0, 429, 571, 0, 456, 543, 0, 515, 634, 0, 463, 537, 1, 463, 536, 0, 492, 563, 0, 460, 618, 0, 490, 571, 0, 569, 756, 7, 560, 431, 1, 471, 526, 9, 553, 438, 0, 495, 573
5, 515, 478, 6, 513, 480, 3, 487, 510, 11, 501, 487, 5, 513, 482, 1, 434, 564, 3, 601, 623, 1, 459, 539, 4, 507, 489, 0, 474, 599, 0, 651, 840, 0, 539, 614, 3, 468, 528, 0, 545, 684, 3, 477, 519, 7, 514, 478, 1, 463, 537, 4, 511, 485, 9, 507, 483, 6, 511, 483, 0, 569, 730, 0, 441, 559, 0, 452, 546, 0, 420, 579, 7, 491, 501, 10, 476, 513, 0, 403, 596, 1, 495, 504, 3, 467, 528, 8, 502, 489, 0, 439, 561, 0, 444, 555, 0, 424, 575, 0, 588, 758, 0, 569, 717, 3, 537, 460, 0, 446, 554, 0, 408, 592, 0, 436, 563, 0, 488, 661, 0, 442, 558, 1, 437, 562, 0, 463, 592, 0, 440, 638, 0, 464, 597, 0, 540, 785, 5, 531, 462, 1, 449, 548, 8, 519, 473, 0, 476, 592
4, 500, 494, 3, 482, 514, 3, 464, 533, 10, 478, 511, 4, 486, 510, 1, 414, 584, 3, 574, 650, 0, 444, 555, 3, 483, 514, 0, 453, 620, 0, 619, 872, 0, 509, 644, 3, 454, 542, 0, 523, 706, 2, 450, 547, 7, 482, 510, 0, 443, 558, 4, 488, 508, 6, 484, 509, 4, 495, 501, 0, 539, 760, 0, 413, 587, 0, 425, 573, 0, 400, 599, 5, 464, 530, 9, 448, 542, 0, 387, 612, 1, 468, 531, 3, 443, 552, 7, 477, 515, 0, 416, 584, 0, 424, 575, 0, 401, 598, 0, 561, 785, 0, 542, 744, 3, 505, 492, 0, 425, 575, 0, 389, 611, 0, 415, 584, 0, 468, 681, 0, 423, 577, 1, 414, 585, 0, 440, 615, 0, 419, 659, 0, 429, 632, 0, 505, 820, 4, 502, 492, 1, 428, 569, 5, 503, 492, 0, 457, 611
1, 478, 519, 2, 465, 532, 3, 437, 560, 7, 457, 535, 4, 469, 527, 0, 401, 598, 3, 544, 680, 0, 422, 577, 1, 456, 543, 0, 430, 643, 0, 582, 909, 0, 480, 673, 2, 430, 567, 0, 507, 722, 2, 429, 568, 6, 462, 531, 0, 415, 586, 4, 461, 535, 4, 465, 530, 4, 472, 524, 0, 517, 782, 0, 394, 606, 0, 393, 605, 0, 380, 619, 3, 442, 554, 7, 424, 568, 0, 377, 622, 1, 444, 555, 3, 425, 570, 3, 448, 548, 0, 395, 605, 0, 396, 603, 0, 380, 619, 0, 527, 819, 0, 521, 765, 2, 481, 517, 0, 402, 598, 0, 362, 638, 0, 398, 601, 0, 446, 703, 0, 403, 597, 1, 397, 602, 0, 413, 642, 0, 401, 677, 0, 411, 650, 0, 481, 844, 4, 479, 515, 1, 409, 588, 5, 485, 510, 0, 431, 637
1, 453, 544, 1, 443, 555, 1, 419, 580, 7, 439, 553, 4, 447, 549, 0, 381, 618, 2, 522, 703, 0, 404, 595, 1, 424, 575, 0, 414, 659, 0, 555, 936, 0, 444, 709, 2, 406, 591, 0, 482, 747, 1, 411, 587, 5, 441, 553, 0, 392, 609, 4, 439, 557, 4, 439, 556, 3, 439, 558, 0, 494, 805, 0, 368, 632, 0, 376, 622, 0, 359, 640, 2, 426, 571, 6, 400, 593, 0, 361, 638, 1, 424, 575, 3, 410, 585, 2, 430, 567, 0, 375, 625, 0, 374, 625, 0, 362, 637, 0, 507, 839, 0, 500, 786, 1, 464, 535, 0, 376, 624, 0, 345, 655, 0, 371, 628, 0, 428, 721, 0, 385, 615, 1, 378, 621, 0, 392, 663, 0, 383, 695, 0, 389, 672, 0, 451, 874, 4, 460, 534, 1, 391, 606, 4, 462, 534, 0, 415, 653
1, 435, 562, 1, 421, 577, 1, 394, 605, 6, 415, 578, 3, 428, 569, 0, 365, 634, 2, 489, 736, 0, 392, 607, 0, 410, 590, 0, 394, 679, 0, 538, 953, 0, 421, 732, 1, 396, 602, 0, 456, 773, 1, 391, 607, 5, 416, 578, 0, 377, 624, 4, 417, 579, 3, 421, 575, 3, 415, 582, 0, 471, 828, 0, 349, 651, 0, 360, 638, 0, 346, 653, 2, 400, 597, 3, 382, 614, 0, 346, 653, 1, 407, 592, 3, 391, 604, 2, 410, 587, 0, 363, 637, 0, 364, 635, 0, 342, 657, 0, 488, 858, 0, 479, 807, 1, 438, 561, 0, 361, 639, 0, 323, 677, 0, 353, 646, 0, 407, 742, 0, 370, 630, 0, 368, 632, 0, 368, 687, 0, 370, 708, 0, 364, 697, 0, 418, 907, 2, 442, 554, 1, 369, 628, 2, 452, 546, 0, 399, 669
0, 416, 582, 1, 404, 594, 1, 373, 626, 5, 395, 599, 1, 412, 587, 0, 343, 656, 0, 470, 757, 0, 374, 625, 0, 396, 604, 0, 379, 694, 0, 509, 982, 0, 404, 749, 1, 374, 624, 0, 438, 791, 0, 374, 625, 5, 388, 606, 0, 352, 649, 2, 403, 595, 3, 399, 597, 3, 400, 597, 0, 441, 858, 0, 330, 670, 0, 343, 655, 0, 321, 678, 2, 375, 622, 3, 362, 634, 0, 330, 669, 1, 384, 615, 3, 370, 625, 2, 390, 607, 0, 341, 659, 0, 338, 661, 0, 325, 674, 0, 464, 882, 0, 456, 830, 0, 414, 586, 0, 350, 650, 0, 304, 696, 0, 335, 664, 0, 389, 760, 0, 353, 647, 0, 350, 650, 0, 347, 708, 0, 351, 727, 0, 342, 719, 0, 397, 928, 1, 410, 587, 1, 352, 645, 2, 430, 568, 0, 384, 684
0, 395, 603, 1, 382, 616, 0, 350, 650, 4, 368, 627, 1, 394, 605, 0, 324, 675, 0, 451, 776, 0, 356, 643, 0, 382, 618, 0, 362, 711, 0, 493, 998, 0, 381, 772, 0, 356, 643, 0, 418, 811, 0, 351, 648, 4, 370, 625, 0, 334, 667, 1, 382, 617, 2, 384, 613, 3, 380, 617, 0, 423, 876, 0, 316, 684, 0, 335, 663, 0, 310, 689, 1, 357, 641, 3, 344, 652, 0, 301, 698, 1, 367, 632, 3, 351, 644, 2, 366, 631, 0, 330, 670, 0, 326, 673, 0, 312, 687, 0, 441, 905, 0, 437, 849, 0, 395, 605, 0, 333, 667, 0, 292, 708, 0, 320, 679, 0, 367, 782, 0, 340, 660, 0, 329, 671, 0, 333, 722, 0, 332, 746, 0, 323, 738, 0, 375, 950, 1, 393, 604, 1, 335, 662, 2, 404, 594, 0, 367, 701
0, 376, 622, 1, 366, 632, 0, 335, 665, 3, 351, 645, 1, 377, 622, 0, 307, 692, 0, 433, 794, 0, 340, 659, 0, 366, 634, 0, 344, 729, 0, 465, 1026, 0, 366, 787, 0, 340, 659, 0, 400, 829, 0, 335, 664, 3, 354, 642, 0, 317, 684, 0, 373, 627, 2, 367, 630, 3, 367, 630, 0, 401, 898, 0, 298, 702, 0, 318, 680, 0, 288, 711, 0, 339, 660, 3, 329, 667, 0, 284, 715, 1, 346, 653, 3, 340, 655, 1, 349, 649, 0, 313, 687, 0, 310, 689, 0, 296, 703, 0, 415, 931, 0, 422, 864, 0, 379, 621, 0, 316, 684, 0, 279, 721, 0, 304, 695, 0, 353, 796, 0, 326, 674, 0, 316, 684, 0, 318, 737, 0, 318, 760, 0, 305, 756, 0, 358, 967, 1, 375, 622, 1, 322, 675, 2, 389, 609, 0, 347, 721
0, 358, 640, 1, 343, 655, 0, 331, 669, 2, 336, 661, 1, 362, 637, 0, 292, 707, 0, 413, 814, 0, 318, 681, 0, 349, 651, 0, 323, 750, 0, 443, 1048, 0, 343, 810, 0, 328, 671, 0, 379, 850, 0, 319, 680, 3, 341, 655, 0, 300, 701, 0, 352, 648, 2, 349, 648, 3, 351, 646, 0, 376, 923, 0, 286, 714, 0, 304, 694, 0, 266, 733, 0, 330, 669, 3, 315, 681, 0, 272, 727, 0, 326, 674, 3, 322, 673, 1, 331, 667, 0, 296, 704, 0, 299, 700, 0, 277, 722, 0, 394, 952, 0, 407, 879, 0, 366, 634, 0, 298, 702, 0, 263, 737, 0, 299, 700, 0, 337, 812, 0, 312, 688, 0, 299, 701, 0, 304, 751, 0, 301, 777, 0, 294, 767, 0, 342, 983, 1, 353, 644, 0, 307, 691, 1, 368, 631, 0, 326, 742
0, 339, 659, 1, 330, 668, 0, 324, 676, 2, 321, 676, 1, 348, 651, 0, 272, 727, 0, 395, 832, 0, 306, 693, 0, 335, 665, 0, 306, 767, 0, 408, 1083, 0, 329, 824, 0, 310, 689, 0, 364, 865, 0, 304, 695, 3, 327, 669, 0, 287, 714, 0, 334, 666, 2, 334, 663, 3, 337, 660, 0, 356, 943, 0, 269, 731, 0, 294, 704, 0, 251, 748, 0, 319, 680, 3, 297, 699, 0, 250, 749, 0, 319, 681, 3, 307, 688, 1, 312, 686, 0, 281, 719, 0, 283, 716, 0, 262, 737, 0, 372, 974, 0, 394, 892, 0, 352, 648, 0, 282, 718, 0, 253, 747, 0, 285, 714, 0, 321, 828, 0, 292, 708, 0, 282, 718, 0, 293, 762, 0, 284, 794, 0, 279, 782, 0, 327, 998, 1, 332, 665, 0, 298, 700, 1, 348, 651, 0, 304, 764
0, 322, 676, 1, 319, 679, 0, 304, 696, 2, 314, 683, 0, 331, 669, 0, 260, 739, 0, 376, 851, 0, 293, 706, 0, 320, 680, 0, 295, 778, 0, 383, 1108, 0, 314, 839, 0, 294, 705, 0, 346, 883, 0, 290, 709, 2, 311, 686, 0, 273, 728, 0, 325, 675, 2, 318, 679, 2, 325, 673, 0, 341, 958, 0, 253, 747, 0, 282, 716, 0, 245, 754, 0, 302, 697, 3, 280, 716, 0, 241, 758, 0, 305, 695, 2, 295, 701, 1, 296, 702, 0, 267, 733, 0, 273, 726, 0, 248, 751, 0, 346, 1000, 0, 378, 908, 0, 338, 662, 0, 273, 727, 0, 242, 758, 0, 274, 725, 0, 307, 842, 0, 273, 727, 0, 268, 732, 0, 276, 779, 0, 272, 806, 0, 261, 800, 0, 303, 1022, 1, 315, 682, 0, 285, 713, 1, 335, 664, 0, 288, 780
0, 302, 696, 1, 304, 694, 0, 283, 717, 2, 302, 695, 0, 310, 690, 0, 248, 751, 0, 361, 866, 0, 273, 726, 0, 308, 692, 0, 275, 798, 0, 364, 1127, 0, 302, 851, 0, 277, 722, 0, 326, 903, 0, 274, 725, 2, 298, 699, 0, 262, 739, 0, 307, 693, 2, 303, 694, 2, 307, 691, 0, 321, 978, 0, 246, 754, 0, 271, 727, 0, 236, 763, 0, 283, 716, 3, 265, 731, 0, 231, 768, 0, 286, 714, 1, 284, 713, 1, 283, 715, 0, 258, 742, 0, 255, 744, 0, 238, 761, 0, 329, 1017, 0, 364, 922, 0, 324, 676, 0, 266, 734, 0, 229, 771, 0, 260, 739, 0, 296, 853, 0, 263, 737, 0, 257, 743, 0, 263, 792, 0, 257, 821, 0, 247, 814, 0, 283, 1042, 1, 298, 699, 0, 275, 723, 1, 319, 680, 0, 279, 789
0, 287, 711, 1, 285, 713, 0, 269, 731, 2, 288, 709, 0, 297, 703, 0, 240, 759, 0, 346, 881, 0, 259, 740, 0, 296, 704, 0, 267, 806, 0, 345, 1146, 0, 288, 865, 0, 263, 736, 0, 315, 914, 0, 270, 729, 2, 284, 713, 0, 253, 748, 0, 301, 699, 2, 290, 707, 2, 285, 713, 0, 297, 1002, 0, 230, 770, 0, 266, 732, 0, 225, 774, 0, 276, 723, 3, 256, 740, 0, 218, 781, 0, 273, 727, 1, 274, 723, 1, 274, 724, 0, 239, 761, 0, 244, 755, 0, 228, 771, 0, 312, 1034, 0, 348, 938, 0, 309, 691, 0, 253, 747, 0, 221, 779, 0, 247, 752, 0, 278, 871, 0, 247, 753, 0, 241, 759, 0, 252, 803, 0, 251, 827, 0, 235, 826, 0, 269, 1056, 1, 294, 703, 0, 265, 733, 1, 303, 696, 0, 266, 802
0, 275, 723, 1, 270, 728, 0, 258, 742, 1, 278, 720, 0, 283, 717, 0, 233, 766, 0, 326, 901, 0, 242, 757, 0, 278, 722, 0, 255, 818, 0, 331, 1160, 0, 271, 882, 0, 250, 749, 0, 295, 934, 0, 253, 746, 1, 271, 727, 0, 240, 761, 0, 285, 715, 2, 272, 725, 1, 272, 727, 0, 273, 1026, 0, 220, 780, 0, 251, 747, 0, 215, 784, 0, 262, 737, 3, 247, 749, 0, 199, 800, 0, 259, 741, 1, 267, 730, 1, 255, 743, 0, 221, 779, 0, 238, 761, 0, 220, 779, 0, 291, 1055, 0, 331, 955, 0, 298, 702, 0, 244, 756, 0, 205, 795, 0, 232, 767, 0, 261, 888, 0, 241, 759, 0, 230, 770, 0, 237, 818, 0, 233, 845, 0, 225, 836, 0, 252, 1073, 1, 285, 712, 0, 252, 746, 1, 289, 710, 0, 255, 813
0, 264, 734, 1, 260, 738, 0, 250, 750, 1, 268, 730, 0, 267, 733, 0, 224, 775, 0, 312, 915, 0, 231, 768, 0, 262, 738, 0, 246, 827, 0, 318, 1173, 0, 256, 897, 0, 234, 765, 0, 288, 941, 0, 242, 757, 1, 252, 746, 0, 222, 779, 0, 266, 734, 2, 265, 732, 1, 260, 739, 0, 253, 1046, 0, 198, 802, 0, 244, 754, 0, 204, 795, 0, 249, 750, 2, 236, 761, 0, 190, 809, 0, 251, 749, 0, 253, 745, 1, 243, 755, 0, 211, 789, 0, 220, 779, 0, 209, 790, 0, 281, 1065, 0, 316, 970, 0, 276, 724, 0, 224, 776, 0, 201, 799, 0, 225, 774, 0, 249, 900, 0, 227, 773, 0, 223, 777, 0, 229, 826, 0, 229, 849, 0, 214, 847, 0, 240, 1085, 1, 276, 721, 0, 232, 766, 1, 275, 724, 0, 243, 825
0, 248, 750, 1, 246, 752, 0, 242, 758, 1, 254, 744, 0, 251, 749, 0, 216, 783, 0, 297, 930, 0, 217, 782, 0, 249, 751, 0, 237, 836, 0, 303, 1188, 0, 247, 906, 0, 224, 775, 0, 268, 961, 0, 227, 772, 0, 242, 757, 0, 208, 793, 0, 258, 742, 2, 255, 742, 1, 247, 752, 0, 237, 1062, 0, 183, 817, 0, 236, 762, 0, 197, 802, 0, 239, 760, 0, 231, 768, 0, 177, 822, 0, 238, 762, 0, 245, 753, 1, 230, 768, 0, 203, 797, 0, 206, 793, 0, 198, 801, 0, 266, 1080, 0, 298, 988, 0, 264, 736, 0, 213, 787, 0, 189, 811, 0, 218, 781, 0, 236, 913, 0, 216, 784, 0, 209, 791, 0, 221, 834, 0, 218, 860, 0, 204, 857, 0, 227, 1098, 1, 261, 736, 0, 223, 775, 1, 263, 736, 0, 236, 832
0, 241, 757, 1, 240, 758, 0, 225, 775, 1, 243, 755, 0, 239, 761, 0, 207, 792, 0, 274, 953, 0, 208, 791, 0, 233, 767, 0, 224, 849, 0, 285, 1206, 0, 235, 918, 0, 214, 785, 0, 252, 977, 0, 217, 782, 0, 234, 765, 0, 203, 798, 0, 242, 758, 2, 238, 759, 1, 230, 769, 0, 229, 1070, 0, 170, 830, 0, 226, 772, 0, 186, 813, 0, 230, 769, 0, 221, 778, 0, 166, 833, 0, 227, 773, 0, 230, 768, 1, 220, 778, 0, 192, 808, 0, 196, 803, 0, 186, 813, 0, 255, 1091, 0, 289, 997, 0, 247, 753, 0, 208, 792, 0, 175, 825, 0, 209, 790, 0, 224, 925, 0, 203, 797, 0, 202, 798, 0, 212, 843, 0, 204, 874, 0, 195, 866, 0, 217, 1108, 0, 253, 745, 0, 212, 786, 1, 254, 745, 0, 227, 841
0, 226, 772, 1, 228, 770, 0, 210, 790, 1, 227, 771, 0, 230, 770, 0, 195, 804, 0, 254, 973, 0, 201, 798, 0, 222, 778, 0, 208, 865, 0, 268, 1223, 0, 226, 927, 0, 200, 799, 0, 232, 997, 0, 207, 792, 0, 227, 772, 0, 190, 811, 0, 229, 771, 2, 228, 769, 1, 219, 780, 0, 216, 1083, 0, 166, 834, 0, 216, 782, 0, 176, 823, 0, 219, 780, 0, 212, 787, 0, 156, 843, 0, 212, 788, 0, 220, 778, 1, 208, 790, 0, 181, 819, 0, 179, 820, 0, 175, 824, 0, 247, 1099, 0, 275, 1011, 0, 232, 768, 0, 197, 803, 0, 171, 829, 0, 198, 801, 0, 215, 934, 0, 194, 806, 0, 194, 806, 0, 205, 850, 0, 198, 880, 0, 185, 876, 0, 211, 1114, 0, 245, 753, 0, 201, 797, 0, 245, 755, 0, 215, 853
0, 215, 783, 0, 219, 780, 0, 198, 802, 1, 214, 784, 0, 216, 784, 0, 184, 815, 0, 242, 985, 0, 191, 808, 0, 205, 795, 0, 199, 874, 0, 251, 1240, 0, 212, 941, 0, 194, 805, 0, 225, 1004, 0, 190, 809, 0, 214, 785, 0, 183, 818, 0, 217, 783, 0, 222, 777, 1, 204, 795, 0, 205, 1094, 0, 163, 837, 0, 204, 794, 0, 166, 833, 0, 214, 785, 0, 196, 803, 0, 149, 850, 0, 203, 797, 0, 209, 789, 1, 198, 800, 0, 176, 824, 0, 173, 826, 0, 169, 830, 0, 239, 1107, 0, 263, 1023, 0, 218, 782, 0, 187, 813, 0, 164, 836, 0, 192, 807, 0, 202, 947, 0, 188, 812, 0, 185, 815, 0, 195, 860, 0, 186, 892, 0, 171, 890, 0, 194, 1131, 0, 235, 763, 0, 193, 805, 0, 237, 763, 0, 207, 861
0, 209, 789, 0, 212, 787, 0, 188, 812, 1, 207, 791, 0, 205, 795, 0, 174, 825, 0, 234, 993, 0, 184, 815, 0, 189, 811, 0, 188, 885, 0, 241, 1250, 0, 197, 956, 0, 186, 813, 0, 212, 1017, 0, 179, 820, 0, 202, 797, 0, 170, 831, 0, 205, 795, 0, 212, 787, 1, 188, 811, 0, 188, 1111, 0, 157, 843, 0, 192, 806, 0, 160, 839, 0, 204, 795, 0, 189, 810, 0, 145, 854, 0, 190, 810, 0, 202, 796, 1, 187, 811, 0, 164, 836, 0, 163, 836, 0, 161, 838, 0, 226, 1120, 0, 257, 1029, 0, 210, 790, 0, 175, 825, 0, 159, 841, 0, 178, 821, 0, 194, 955, 0, 180, 820, 0, 173, 827, 0, 188, 867, 0, 175, 903, 0, 164, 897, 0, 185, 1140, 0, 223, 775, 0, 184, 814, 0, 229, 771, 0, 194, 874
0, 194, 804, 0, 204, 795, 0, 175, 825, 1, 197, 801, 0, 191, 809, 0, 164, 835, 0, 224, 1003, 0, 168, 831, 0, 185, 815, 0, 177, 896, 0, 225, 1266, 0, 187, 966, 0, 175, 824, 0, 202, 1027, 0, 173, 826, 0, 188, 811, 0, 159, 842, 0, 193, 807, 0, 204, 795, 1, 176, 823, 0, 179, 1120, 0, 150, 850, 0, 182, 816, 0, 150, 849, 0, 199, 800, 0, 182, 817, 0, 137, 862, 0, 185, 815, 0, 192, 806, 1, 172, 826, 0, 155, 845, 0, 151, 848, 0, 147, 852, 0, 219, 1127, 0, 243, 1043, 0, 199, 801, 0, 160, 840, 0, 154, 846, 0, 171, 828, 0, 186, 963, 0, 169, 831, 0, 166, 834, 0, 180, 875, 0, 167, 911, 0, 158, 903, 0, 174, 1151, 0, 217, 781, 0, 172, 826, 0, 215, 785, 0, 186, 882
0, 185, 813, 0, 198, 801, 0, 168, 832, 1, 188, 810, 0, 181, 819, 0, 155, 844, 0, 214, 1013, 0, 161, 838, 0, 176, 824, 0, 170, 903, 0, 216, 1275, 0, 179, 974, 0, 168, 831, 0, 190, 1039, 0, 162, 837, 0, 181, 818, 0, 154, 847, 0, 182, 818, 0, 197, 802, 0, 171, 829, 0, 169, 1130, 0, 139, 861, 0, 173, 825, 0, 139, 860, 0, 187, 812, 0, 173, 826, 0, 130, 869, 0, 174, 826, 0, 188, 810, 1, 163, 835, 0, 146, 854, 0, 145, 854, 0, 137, 862, 0, 205, 1141, 0, 227, 1059, 0, 184, 816, 0, 151, 849, 0, 144, 856, 0, 165, 834, 0, 179, 970, 0, 157, 843, 0, 157, 843, 0, 174, 881, 0, 158, 920, 0, 149, 912, 0, 163, 1162, 0, 206, 792, 0, 163, 835, 0, 205, 795, 0, 181, 887
0, 174, 824, 0, 192, 807, 0, 162, 838, 1, 178, 820, 0, 174, 826, 0, 149, 850, 0, 210, 1017, 0, 154, 845, 0, 168, 832, 0, 160, 913, 0, 202, 1289, 0, 168, 985, 0, 162, 837, 0, 182, 1047, 0, 155, 844, 0, 170, 829, 0, 146, 855, 0, 170, 830, 0, 187, 812, 0, 164, 836, 0, 155, 1144, 0, 134, 866, 0, 166, 832, 0, 135, 864, 0, 180, 819, 0, 162, 837, 0, 124, 875, 0, 162, 838, 0, 177, 821, 1, 156, 842, 0, 139, 861, 0, 139, 860, 0, 128, 871, 0, 192, 1154, 0, 215, 1071, 0, 173, 827, 0, 144, 856, 0, 134, 866, 0, 159, 840, 0, 168, 981, 0, 148, 852, 0, 152, 848, 0, 160, 895, 0, 149, 929, 0, 144, 917, 0, 155, 1170, 0, 197, 801, 0, 154, 844, 0, 193, 807, 0, 174, 894
0, 167, 831, 0, 183, 816, 0, 156, 844, 1, 172, 826, 0, 168, 832, 0, 141, 858, 0, 202, 1025, 0, 146, 853, 0, 157, 843, 0, 157, 916, 0, 191, 1300, 0, 161, 992, 0, 155, 844, 0, 174, 1055, 0, 142, 857, 0, 161, 838, 0, 138, 863, 0, 162, 838, 0, 179, 820, 0, 151, 849, 0, 146, 1153, 0, 130, 870, 0, 159, 839, 0, 131, 868, 0, 171, 828, 0, 155, 844, 0, 118, 881, 0, 156, 844, 0, 172, 826, 1, 148, 850, 0, 129, 871, 0, 129, 870, 0, 123, 876, 0, 172, 1174, 0, 206, 1080, 0, 165, 835, 0, 138, 862, 0, 127, 873, 0, 152, 847, 0, 160, 989, 0, 141, 859, 0, 147, 853, 0, 149, 906, 0, 143, 935, 0, 142, 919, 0, 149, 1176, 0, 189, 809, 0, 147, 851, 0, 182, 818, 0, 170, 898
0, 163, 835, 0, 180, 819, 0, 151, 849, 1, 162, 836, 0, 152, 848, 0, 136, 863, 0, 189, 1038, 0, 134, 865, 0, 150, 850, 0, 149, 924, 0, 181, 1310, 0, 156, 997, 0, 150, 849, 0, 167, 1062, 0, 129, 870, 0, 151, 848, 0, 129, 872, 0, 155, 845, 0, 171, 828, 0, 147, 853, 0, 139, 1160, 0, 124, 876, 0, 153, 845, 0, 126, 873, 0, 165, 834, 0, 150, 849, 0, 114, 885, 0, 146, 854, 0, 165, 833, 1, 143, 855, 0, 118, 882, 0, 126, 873, 0, 121, 878, 0, 167, 1179, 0, 191, 1095, 0, 161, 839, 0, 129, 871, 0, 121, 879, 0, 144, 855, 0, 151, 998, 0, 137, 863, 0, 135, 865, 0, 140, 915, 0, 137, 941, 0, 134, 927, 0, 143, 1182, 0, 183, 815, 0, 141, 857, 0, 172, 828, 0, 163, 905
0, 158, 840, 0, 176, 823, 0, 147, 853, 1, 158, 840, 0, 147, 853, 0, 131, 868, 0, 179, 1048, 0, 128, 871, 0, 143, 857, 0, 142, 931, 0, 170, 1321, 0, 152, 1001, 0, 144, 855, 0, 164, 1065, 0, 127, 872, 0, 141, 858, 0, 118, 883, 0, 145, 855, 0, 163, 836, 0, 142, 858, 0, 126, 1173, 0, 115, 885, 0, 143, 855, 0, 122, 877, 0, 156, 843, 0, 143, 856, 0, 109, 890, 0, 131, 869, 0, 161, 837, 0, 137, 862, 0, 112, 888, 0, 121, 878, 0, 120, 879, 0, 162, 1184, 0, 183, 1103, 0, 151, 849, 0, 124, 876, 0, 111, 889, 0, 137, 862, 0, 148, 1001, 0, 130, 870, 0, 130, 870, 0, 133, 922, 0, 127, 951, 0, 130, 931, 0, 134, 1191, 0, 177, 821, 0, 134, 864, 0, 167, 833, 0, 155, 913
0, 149, 849, 0, 170, 829, 0, 135, 865, 1, 149, 849, 0, 143, 857, 0, 122, 877, 0, 166, 1061, 0, 122, 877, 0, 132, 868, 0, 136, 937, 0, 160, 1331, 0, 146, 1007, 0, 138, 861, 0, 153, 1076, 0, 123, 876, 0, 135, 864, 0, 111, 890, 0, 133, 867, 0, 156, 843, 0, 137, 863, 0, 120, 1179, 0, 110, 890, 0, 136, 862, 0, 116, 883, 0, 150, 849, 0, 138, 861, 0, 101, 898, 0, 126, 874, 0, 151, 847, 0, 133, 866, 0, 108, 892, 0, 117, 882, 0, 114, 885, 0, 157, 1189, 0, 175, 1111, 0, 147, 853, 0, 118, 882, 0, 106, 894, 0, 130, 869, 0, 143, 1006, 0, 124, 876, 0, 123, 877, 0, 128, 927, 0, 119, 959, 0, 126, 935, 0, 125, 1200, 0, 171, 827, 0, 130, 868, 0, 161, 839, 0, 148, 920
0, 147, 851, 0, 162, 837, 0, 130, 870, 1, 139, 859, 0, 137, 863, 0, 119, 880, 0, 153, 1074, 0, 117, 882, 0, 127, 873, 0, 130, 943, 0, 152, 1339, 0, 143, 1010, 0, 130, 869, 0, 146, 1083, 0, 114, 885, 0, 130, 869, 0, 103, 898, 0, 126, 874, 0, 147, 852, 0, 135, 865, 0, 114, 1185, 0, 102, 898, 0, 129, 869, 0, 113, 886, 0, 146, 853, 0, 131, 868, 0, 98, 901, 0, 122, 878, 0, 143, 855, 0, 125, 874, 0, 104, 896, 0, 113, 886, 0, 110, 889, 0, 143, 1203, 0, 167, 1119, 0, 140, 860, 0, 110, 890, 0, 101, 899, 0, 121, 878, 0, 137, 1012, 0, 116, 884, 0, 116, 884, 0, 119, 936, 0, 118, 960, 0, 123, 938, 0, 122, 1203, 0, 168, 830, 0, 121, 877, 0, 154, 846, 0, 139, 929
0, 141, 857, 0, 157, 842, 0, 120, 880, 1, 130, 868, 0, 135, 865, 0, 116, 883, 0, 143, 1084, 0, 108, 891, 0, 118, 882, 0, 126, 947, 0, 148, 1343, 0, 138, 1015, 0, 122, 877, 0, 138, 1091, 0, 110, 889, 0, 126, 873, 0, 98, 903, 0, 120, 880, 0, 139, 860, 0, 127, 873, 0, 112, 1187, 0, 98, 902, 0, 125, 873, 0, 109, 890, 0, 141, 858, 0, 126, 873, 0, 88, 911, 0, 116, 884, 0, 134, 864, 0, 117, 882, 0, 99, 901, 0, 102, 897, 0, 104, 895, 0, 133, 1213, 0, 161, 1125, 0, 133, 867, 0, 104, 896, 0, 100, 900, 0, 118, 881, 0, 129, 1020, 0, 108, 892, 0, 109, 891, 0, 110, 945, 0, 108, 970, 0, 117, 944, 0, 119, 1206, 0, 160, 838, 0, 115, 883, 0, 151, 849, 0, 135, 933
0, 133, 865, 0, 149, 850, 0, 112, 888, 1, 125, 873, 0, 124, 876, 0, 111, 888, 0, 140, 1087, 0, 104, 895, 0, 112, 888, 0, 123, 950, 0, 135, 1356, 0, 131, 1022, 0, 117, 882, 0, 129, 1100, 0, 101, 898, 0, 117, 882, 0, 93, 908, 0, 111, 889, 0, 130, 869, 0, 118, 882, 0, 107, 1192, 0, 95, 905, 0, 117, 881, 0, 102, 897, 0, 137, 862, 0, 117, 882, 0, 83, 916, 0, 108, 892, 0, 130, 868, 0, 115, 884, 0, 93, 907, 0, 100, 899, 0, 99, 900, 0, 128, 1218, 0, 152, 1134, 0, 123, 877, 0, 98, 902, 0, 96, 904, 0, 116, 883, 0, 123, 1026, 0, 103, 897, 0, 105, 895, 0, 102, 953, 0, 101, 977, 0, 111, 950, 0, 114, 1211, 0, 154, 844, 0, 108, 890, 0, 147, 853, 0, 127, 941
0, 129, 869, 0, 143, 856, 0, 102, 898, 1, 120, 878, 0, 117, 883, 0, 109, 890, 0, 132, 1095, 0, 100, 899, 0, 104, 896, 0, 115, 958, 0, 129, 1362, 0, 125, 1028, 0, 113, 886, 0, 124, 1105, 0, 97, 902, 0, 110, 889, 0, 87, 914, 0, 106, 894, 0, 124, 875, 0, 111, 889, 0, 101, 1198, 0, 91, 909, 0, 112, 886, 0, 97, 902, 0, 128, 871, 0, 110, 889, 0, 82, 917, 0, 103, 897, 0, 125, 873, 0, 113, 886, 0, 89, 911, 0, 93, 906, 0, 95, 904, 0, 124, 1222, 0, 145, 1141, 0, 120, 880, 0, 92, 908, 0, 90, 910, 0, 111, 888, 0, 116, 1033, 0, 97, 903, 0, 98, 902, 0, 97, 958, 0, 99, 979, 0, 107, 954, 0, 108, 1217, 0, 143, 855, 0, 102, 896, 0, 141, 859, 0, 119, 949
0, 126, 872, 0, 137, 862, 0, 98, 902, 1, 114, 884, 0, 105, 895, 0, 106, 893, 0, 120, 1107, 0, 97, 902, 0, 97, 903, 0, 107, 966, 0, 128, 1363, 0, 117, 1036, 0, 107, 892, 0, 121, 1108, 0, 91, 908, 0, 103, 896, 0, 79, 922, 0, 101, 899, 0, 119, 880, 0, 101, 899, 0, 98, 1201, 0, 86, 914, 0, 109, 889, 0, 96, 903, 0, 123, 876, 0, 106, 893, 0, 78, 921, 0, 96, 904, 0, 114, 884, 0, 107, 892, 0, 82, 918, 0, 87, 912, 0, 92, 907, 0, 116, 1230, 0, 138, 1148, 0, 112, 888, 0, 88, 912, 0, 87, 913, 0, 106, 893, 0, 113, 1036, 0, 94, 906, 0, 95, 905, 0, 90, 965, 0, 93, 985, 0, 97, 964, 0, 104, 1221, 0, 132, 866, 0, 95, 903, 0, 134, 866, 0, 111, 957
0, 117, 881, 0, 127, 872, 0, 95, 905, 1, 106, 892, 0, 103, 897, 0, 103, 896, 0, 116, 1111, 0, 92, 907, 0, 88, 912, 0, 101, 972, 0, 124, 1367, 0, 114, 1039, 0, 102, 897, 0, 115, 1114, 0, 88, 911, 0, 98, 901, 0, 77, 924, 0, 96, 904, 0, 117, 882, 0, 96, 904, 0, 92, 1207, 0, 75, 925, 0, 103, 895, 0, 89, 910, 0, 114, 885, 0, 101, 898, 0, 73, 926, 0, 91, 909, 0, 104, 894, 0, 105, 894, 0, 78, 922, 0, 82, 917, 0, 85, 914, 0, 112, 1234, 0, 135, 1151, 0, 109, 891, 0, 82, 918, 0, 83, 917, 0, 102, 897, 0, 110, 1039, 0, 91, 909, 0, 89, 911, 0, 85, 970, 0, 89, 989, 0, 92, 969, 0, 98, 1227, 0, 125, 873, 0, 89, 909, 0, 124, 876, 0, 105, 963
0, 108, 890, 0, 121, 878, 0, 90, 910, 1, 100, 898, 0, 97, 903, 0, 99, 900, 0, 110, 1117, 0, 89, 910, 0, 83, 917, 0, 94, 979, 0, 120, 1371, 0, 110, 1043, 0, 97, 902, 0, 109, 1120, 0, 83, 916, 0, 93, 906, 0, 75, 926, 0, 90, 910, 0, 108, 891, 0, 93, 907, 0, 88, 1211, 0, 71, 929, 0, 100, 898, 0, 83, 916, 0, 107, 892, 0, 98, 901, 0, 71, 928, 0, 85, 915, 0, 99, 899, 0, 101, 898, 0, 74, 926, 0, 78, 921, 0, 79, 920, 0, 106, 1240, 0, 130, 1156, 0, 98, 902, 0, 78, 922, 0, 78, 922, 0, 95, 904, 0, 103, 1046, 0, 85, 915, 0, 85, 915, 0, 78, 977, 0, 84, 994, 0, 86, 975, 0, 91, 1234, 0, 119, 879, 0, 86, 912, 0, 117, 883, 0, 98, 970
0, 100, 898, 0, 112, 887, 0, 85, 915, 1, 92, 906, 0, 90, 910, 0, 94, 905, 0, 109, 1118, 0, 85, 914, 0, 76, 924, 0, 90, 983, 0, 118, 1373, 0, 106, 1047, 0, 91, 908, 0, 105, 1124, 0, 80, 919, 0, 90, 909, 0, 70, 931, 0, 87, 913, 0, 102, 897, 0, 88, 912, 0, 82, 1217, 0, 69, 931, 0, 97, 901, 0, 79, 920, 0, 103, 896, 0, 96, 903, 0, 67, 932, 0, 81, 919, 0, 95, 903, 0, 97, 902, 0, 68, 932, 0, 73, 926, 0, 78, 921, 0, 101, 1245, 0, 122, 1164, 0, 91, 909, 0, 74, 926, 0, 75, 925, 0, 93, 906, 0, 100, 1049, 0, 82, 918, 0, 80, 920, 0, 74, 981, 0, 80, 998, 0, 79, 982, 0, 88, 1237, 0, 115, 883, 0, 83, 915, 0, 107, 893, 0, 95, 973
0, 95, 903, 0, 108, 891, 0, 82, 918, 1, 89, 909, 0, 88, 912, 0, 91, 908, 0, 103, 1124, 0, 81, 918, 0, 74, 926, 0, 84, 989, 0, 113, 1378, 0, 103, 1050, 0, 85, 914, 0, 100, 1129, 0, 78, 921, 0, 88, 911, 0, 64, 937, 0, 81, 919, 0, 97, 902, 0, 85, 915, 0, 79, 1220, 0, 68, 932, 0, 91, 907, 0, 78, 921, 0, 101, 898, 0, 91, 908, 0, 65, 934, 0, 76, 924, 0, 89, 909, 0, 94, 905, 0, 65, 935, 0, 69, 930, 0, 74, 925, 0, 97, 1249, 0, 115, 1171, 0, 89, 911, 0, 71, 929, 0, 74, 926, 0, 88, 911, 0, 95, 1054, 0, 80, 920, 0, 76, 924, 0, 68, 987, 0, 73, 1005, 0, 73, 988, 0, 86, 1239, 0, 109, 889, 0, 81, 917, 0, 105, 895, 0, 89, 979
0, 92, 906, 0, 102, 897, 0, 76, 924, 1, 84, 914, 0, 82, 918, 0, 87, 912, 0, 97, 1130, 0, 73, 926, 0, 70, 930, 0, 77, 996, 0, 105, 1386, 0, 96, 1057, 0, 80, 919, 0, 97, 1132, 0, 74, 925, 0, 87, 912, 0, 62, 939, 0, 75, 925, 0, 93, 906, 0, 79, 921, 0, 77, 1222, 0, 65, 935, 0, 88, 910, 0, 71, 928, 0, 96, 903, 0, 90, 909, 0, 63, 936, 0, 72, 928, 0, 82, 916, 0, 90, 909, 0, 63, 937, 0, 65, 934, 0, 72, 927, 0, 91, 1255, 0, 111, 1175, 0, 77, 923, 0, 70, 930, 0, 73, 927, 0, 84, 915, 0, 92, 1057, 0, 76, 924, 0, 72, 928, 0, 67, 988, 0, 68, 1010, 0, 69, 992, 0, 83, 1242, 0, 105, 893, 0, 77, 921, 0, 96, 904, 0, 87, 981
0, 85, 913, 0, 96, 903, 0, 72, 928, 1, 81, 917, 0, 76, 924, 0, 83, 916, 0, 96, 1131, 0, 70, 929, 0, 66, 934, 0, 74, 999, 0, 96, 1395, 0, 90, 1063, 0, 77, 922, 0, 90, 1139, 0, 72, 927, 0, 82, 917, 0, 58, 943, 0, 68, 932, 0, 91, 908, 0, 75, 925, 0, 75, 1224, 0, 58, 942, 0, 84, 914, 0, 68, 931, 0, 92, 907, 0, 86, 913, 0, 55, 944, 0, 67, 933, 0, 78, 920, 0, 87, 912, 0, 60, 940, 0, 63, 936, 0, 67, 932, 0, 87, 1259, 0, 108, 1178, 0, 72, 928, 0, 69, 931, 0, 70, 930, 0, 78, 921, 0, 90, 1059, 0, 74, 926, 0, 69, 931, 0, 63, 992, 0, 65, 1013, 0, 66, 995, 0, 77, 1248, 0, 100, 898, 0, 77, 921, 0, 90, 910, 0, 83, 985
0, 79, 919, 0, 92, 907, 0, 63, 937, 1, 76, 922, 0, 75, 925, 0, 77, 922, 0, 88, 1139, 0, 67, 932, 0, 61, 939, 0, 70, 1003, 0, 89, 1402, 0, 88, 1065, 0, 74, 925, 0, 87, 1142, 0, 69, 930, 0, 81, 918, 0, 58, 943, 0, 68, 932, 0, 86, 913, 0, 71, 929, 0, 71, 1228, 0, 54, 946, 0, 80, 918, 0, 63, 936, 0, 90, 909, 0, 81, 918, 0, 53, 946, 0, 65, 935, 0, 71, 927, 0, 81, 918, 0, 60, 940, 0, 61, 938, 0, 63, 936, 0, 78, 1268, 0, 106, 1180, 0, 67, 933, 0, 67, 933, 0, 69, 931, 0, 73, 926, 0, 89, 1060, 0, 71, 929, 0, 67, 933, 0, 60, 995, 0, 64, 1014, 0, 61, 1000, 0, 74, 1251, 0, 93, 905, 0, 75, 923, 0, 86, 914, 0, 77, 991
0, 75, 923, 0, 91, 908, 0, 63, 937, 1, 72, 926, 0, 72, 928, 0, 72, 927, 0, 87, 1140, 0, 66, 933, 0, 58, 942, 0, 67, 1006, 0, 88, 1403, 0, 84, 1069, 0, 68, 931, 0, 80, 1149, 0, 67, 932, 0, 79, 920, 0, 55, 946, 0, 60, 940, 0, 83, 916, 0, 66, 934, 0, 66, 1233, 0, 52, 948, 0, 77, 921, 0, 61, 938, 0, 81, 918, 0, 79, 920, 0, 48, 951, 0, 63, 937, 0, 64, 934, 0, 77, 922, 0, 56, 944, 0, 60, 939, 0, 61, 938, 0, 69, 1277, 0, 98, 1188, 0, 63, 937, 0, 62, 938, 0, 68, 932, 0, 68, 931, 0, 83, 1066, 0, 65, 935, 0, 65, 935, 0, 60, 995, 0, 60, 1018, 0, 58, 1003, 0, 71, 1254, 0, 90, 908, 0, 74, 924, 0, 83, 917, 0, 73, 995
0, 73, 925, 0, 85, 914, 0, 58, 942, 0, 73, 926, 0, 65, 935, 0, 68, 931, 0, 84, 1143, 0, 62, 937, 0, 57, 943, 0, 61, 1012, 0, 82, 1409, 0, 79, 1074, 0, 63, 936, 0, 77, 1152, 0, 66, 933, 0, 78, 921, 0, 52, 949, 0, 58, 942, 0, 83, 916, 0, 64, 936, 0, 62, 1237, 0, 48, 952, 0, 72, 926, 0, 58, 941, 0, 76, 923, 0, 75, 924, 0, 46, 953, 0, 61, 939, 0, 62, 936, 0, 71, 928, 0, 54, 946, 0, 57, 942, 0, 60, 939, 0, 63, 1283, 0, 91, 1195, 0, 60, 940, 0, 61, 939, 0, 67, 933, 0, 65, 934, 0, 75, 1074, 0, 62, 938, 0, 62, 938, 0, 57, 998, 0, 56, 1022, 0, 52, 1009, 0, 70, 1255, 0, 87, 911, 0, 71, 927, 0, 81, 919, 0, 71, 997
0, 73, 925, 0, 79, 920, 0, 56, 944, 0, 68, 931, 0, 63, 937, 0, 64, 935, 0, 78, 1149, 0, 59, 940, 0, 56, 944, 0, 59, 1014, 0, 78, 1413, 0, 75, 1078, 0, 62, 937, 0, 75, 1154, 0, 64, 935, 0, 74, 925, 0, 49, 952, 0, 57, 943, 0, 80, 919, 0, 62, 938, 0, 60, 1239, 0, 45, 955, 0, 68, 930, 0, 56, 943, 0, 67, 932, 0, 75, 924, 0, 46, 953, 0, 61, 939, 0, 55, 943, 0, 66, 933, 0, 48, 952, 0, 55, 944, 0, 59, 940, 0, 60, 1286, 0, 89, 1197, 0, 56, 944, 0, 58, 942, 0, 66, 934, 0, 63, 936, 0, 74, 1075, 0, 59, 941, 0, 60, 940, 0, 54, 1001, 0, 53, 1025, 0, 47, 1014, 0, 66, 1259, 0, 83, 915, 0, 68, 930, 0, 76, 924, 0, 66, 1002
0, 69, 929, 0, 75, 924, 0, 51, 949, 0, 66, 933, 0, 61, 939, 0, 60, 939, 0, 76, 1151, 0, 57, 942, 0, 53, 947, 0, 56, 1017, 0, 76, 1415, 0, 73, 1080, 0, 61, 938, 0, 72, 1157, 0, 63, 936, 0, 69, 930, 0, 47, 954, 0, 55, 945, 0, 79, 920, 0, 62, 938, 0, 58, 1241, 0, 44, 956, 0, 64, 934, 0, 56, 943, 0, 64, 935, 0, 74, 925, 0, 45, 954, 0, 58, 942, 0, 54, 944, 0, 62, 937, 0, 43, 957, 0, 51, 948, 0, 56, 943, 0, 57, 1289, 0, 86, 1200, 0, 55, 945, 0, 53, 947, 0, 64, 936, 0, 59, 940, 0, 69, 1080, 0, 58, 942, 0, 56, 944, 0, 51, 1004, 0, 52, 1026, 0, 43, 1018, 0, 63, 1262, 0, 79, 919, 0, 62, 936, 0, 74, 926, 0, 59, 1009
0, 67, 931, 0, 71, 928, 0, 48, 952, 0, 64, 935, 0, 58, 942, 0, 54, 945, 0, 75, 1152, 0, 56, 943, 0, 51, 949, 0, 54, 1019, 0, 74, 1417, 0, 68, 1085, 0, 57, 942, 0, 67, 1162, 0, 59, 940, 0, 63, 936, 0, 46, 955, 0, 54, 946, 0, 74, 925, 0, 58, 942, 0, 55, 1244, 0, 42, 958, 0, 63, 935, 0, 56, 943, 0, 59, 940, 0, 70, 929, 0, 41, 958, 0, 56, 944, 0, 51, 947, 0, 58, 941, 0, 38, 962, 0, 48, 951, 0, 55, 944, 0, 55, 1291, 0, 83, 1203, 0, 53, 947, 0, 51, 949, 0, 60, 940, 0, 54, 945, 0, 65, 1084, 0, 56, 944, 0, 54, 946, 0, 49, 1006, 0, 48, 1030, 0, 42, 1019, 0, 60, 1265, 0, 77, 921, 0, 58, 940, 0, 71, 929, 0, 57, 1011
0, 65, 933, 0, 67, 932, 0, 47, 953, 0, 60, 939, 0, 57, 943, 0, 53, 946, 0, 72, 1155, 0, 52, 947, 0, 50, 950, 0, 53, 1020, 0, 71, 1420, 0, 62, 1091, 0, 56, 943, 0, 62, 1167, 0, 57, 942, 0, 61, 938, 0, 43, 958, 0, 52, 948, 0, 72, 927, 0, 52, 948, 0, 51, 1248, 0, 36, 964, 0, 60, 938, 0, 53, 946, 0, 53, 946, 0, 69, 930, 0, 41, 958, 0, 53, 947, 0, 49, 949, 0, 55, 944, 0, 35, 965, 0, 44, 955, 0, 54, 945, 0, 53, 1293, 0, 77, 1209, 0, 49, 951, 0, 47, 953, 0, 56, 944, 0, 53, 946, 0, 60, 1089, 0, 54, 946, 0, 51, 949, 0, 46, 1009, 0, 46, 1032, 0, 36, 1025, 0, 57, 1268, 0, 75, 923, 0, 53, 945, 0, 70, 930, 0, 55, 1013
0, 62, 936, 0, 66, 933, 0, 44, 956, 0, 57, 942, 0, 55, 945, 0, 51, 948, 0, 71, 1156, 0, 50, 949, 0, 44, 956, 0, 50, 1023, 0, 65, 1426, 0, 60, 1093, 0, 53, 946, 0, 58, 1171, 0, 53, 946, 0, 59, 940, 0, 43, 958, 0, 50, 950, 0, 68, 931, 0, 51, 949, 0, 49, 1250, 0, 34, 966, 0, 49, 949, 0, 50, 949, 0, 52, 947, 0, 65, 934, 0, 36, 963, 0, 50, 950, 0, 44, 954, 0, 50, 949, 0, 32, 968, 0, 42, 957, 0, 52, 947, 0, 52, 1294, 0, 75, 1211, 0, 45, 955, 0, 45, 955, 0, 53, 947, 0, 52, 947, 0, 58, 1091, 0, 49, 951, 0, 48, 952, 0, 45, 1010, 0, 43, 1035, 0, 32, 1029, 0, 52, 1273, 0, 70, 928, 0, 51, 947, 0, 69, 931, 0, 52, 1016
0, 59, 939, 0, 60, 939, 0, 42, 958, 0, 54, 945, 0, 52, 948, 0, 48, 951, 0, 71, 1156, 0, 47, 952, 0, 42, 958, 0, 50, 1023, 0, 61, 1430, 0, 54, 1099, 0, 48, 951, 0, 57, 1172, 0, 52, 947, 0, 57, 942, 0, 41, 960, 0, 45, 955, 0, 63, 936, 0, 48, 952, 0, 45, 1254, 0, 30, 970, 0, 49, 949, 0, 47, 952, 0, 46, 953, 0, 62, 937, 0, 35, 964, 0, 48, 952, 0, 43, 955, 0, 48, 951, 0, 30, 970, 0, 40, 959, 0, 51, 948, 0, 49, 1297, 0, 70, 1216, 0, 43, 957, 0, 43, 957, 0, 46, 954, 0, 51, 948, 0, 58, 1091, 0, 48, 952, 0, 45, 955, 0, 44, 1011, 0, 41, 1037, 0, 30, 1031, 0, 51, 1274, 0, 64, 934, 0, 49, 949, 0, 63, 937, 0, 51, 1017
0, 57, 941, 0, 58, 941, 0, 41, 959, 0, 53, 946, 0, 51, 949, 0, 44, 955, 0, 71, 1156, 0, 45, 954, 0, 39, 961, 0, 47, 1026, 0, 55, 1436, 0, 53, 1100, 0, 43, 956, 0, 56, 1173, 0, 49, 950, 0, 51, 948, 0, 40, 961, 0, 45, 955, 0, 62, 937, 0, 44, 956, 0, 44, 1255, 0, 30, 970, 0, 47, 951, 0, 45, 954, 0, 41, 958, 0, 61, 938, 0, 34, 965, 0, 46, 954, 0, 39, 959, 0, 46, 953, 0, 29, 971, 0, 38, 961, 0, 44, 955, 0, 48, 1298, 0, 67, 1219, 0, 37, 963, 0, 40, 960, 0, 44, 956, 0, 51, 948, 0, 52, 1097, 0, 44, 956, 0, 43, 957, 0, 42, 1013, 0, 40, 1038, 0, 29, 1032, 0, 48, 1277, 0, 60, 938, 0, 47, 951, 0, 61, 939, 0, 50, 1018
0, 55, 943, 0, 55, 944, 0, 39, 961, 0, 49, 950, 0, 49, 951, 0, 40, 959, 0, 71, 1156, 0, 43, 956, 0, 37, 963, 0, 41, 1032, 0, 54, 1437, 0, 50, 1103, 0, 41, 958, 0, 49, 1180, 0, 46, 953, 0, 47, 952, 0, 38, 963, 0, 43, 957, 0, 58, 941, 0, 43, 957, 0, 43, 1256, 0, 28, 972, 0, 46, 952, 0, 43, 956, 0, 39, 960, 0, 57, 942, 0, 31, 968, 0, 41, 959, 0, 37, 961, 0, 43, 956, 0, 27, 973, 0, 38, 961, 0, 41, 958, 0, 46, 1300, 0, 64, 1222, 0, 35, 965, 0, 37, 963, 0, 42, 958, 0, 50, 949, 0, 52, 1097, 0, 42, 958, 0, 41, 959, 0, 42, 1013, 0, 35, 1043, 0, 27, 1034, 0, 47, 1278, 0, 57, 941, 0, 43, 955, 0, 61, 939, 0, 49, 1019
0, 54, 944, 0, 53, 946, 0, 39, 961, 0, 46, 953, 0, 46, 954, 0, 36, 963, 0, 68, 1159, 0, 42, 957, 0, 36, 964, 0, 38, 1035, 0, 51, 1440, 0, 47, 1106, 0, 38, 961, 0, 47, 1182, 0, 43, 956, 0, 46, 953, 0, 37, 964, 0, 43, 957, 0, 50, 949, 0, 42, 958, 0, 42, 1257, 0, 27, 973, 0, 45, 953, 0, 40, 959, 0, 33, 966, 0, 54, 945, 0, 31, 968, 0, 38, 962, 0, 36, 962, 0, 40, 959, 0, 26, 974, 0, 37, 962, 0, 38, 961, 0, 44, 1302, 0, 62, 1224, 0, 33, 967, 0, 35, 965, 0, 36, 964, 0, 47, 952, 0, 50, 1099, 0, 39, 961, 0, 40, 960, 0, 41, 1014, 0, 32, 1046, 0, 26, 1035, 0, 46, 1279, 0, 55, 943, 0, 39, 959, 0, 55, 945, 0, 44, 1024
0, 52, 946, 0, 50, 949, 0, 36, 964, 0, 44, 955, 0, 45, 955, 0, 35, 964, 0, 62, 1165, 0, 40, 959, 0, 35, 965, 0, 36, 1037, 0, 49, 1442, 0, 47, 1106, 0, 29, 970, 0, 45, 1184, 0, 38, 961, 0, 45, 954, 0, 37, 964, 0, 41, 959, 0, 44, 955, 0, 37, 963, 0, 40, 1259, 0, 25, 975, 0, 42, 956, 0, 39, 960, 0, 32, 967, 0, 50, 949, 0, 29, 970, 0, 37, 963, 0, 35, 963, 0, 37, 962, 0, 25, 975, 0, 35, 964, 0, 37, 962, 0, 38, 1308, 0, 59, 1227, 0, 31, 969, 0, 32, 968, 0, 36, 964, 0, 45, 954, 0, 47, 1102, 0, 38, 962, 0, 38, 962, 0, 39, 1016, 0, 30, 1048, 0, 23, 1038, 0, 44, 1281, 0, 53, 945, 0, 35, 963, 0, 50, 950, 0, 43, 1025
0, 49, 949, 0, 48, 951, 0, 35, 965, 0, 43, 956, 0, 42, 958, 0, 34, 965, 0, 58, 1169, 0, 35, 964, 0, 35, 965, 0, 35, 1038, 0, 48, 1443, 0, 46, 1107, 0, 27, 972, 0, 43, 1186, 0, 36, 963, 0, 43, 956, 0, 37, 964, 0, 36, 964, 0, 41, 958, 0, 35, 965, 0, 40, 1259, 0, 25, 975, 0, 41, 957, 0, 36, 963, 0, 31, 968, 0, 49, 950, 0, 25, 974, 0, 36, 964, 0, 35, 963, 0, 35, 964, 0, 24, 976, 0, 33, 966, 0, 37, 962, 0, 36, 1310, 0, 56, 1230, 0, 30, 970, 0, 30, 970, 0, 34, 966, 0, 44, 955, 0, 47, 1102, 0, 36, 964, 0, 38, 962, 0, 37, 1018, 0, 29, 1049, 0, 21, 1040, 0, 42, 1283, 0, 49, 949, 0, 35, 963, 0, 48, 952, 0, 42, 1026
0, 47, 951, 0, 47, 952, 0, 34, 966, 0, 42, 957, 0, 40, 960, 0, 33, 966, 0, 54, 1173, 0, 34, 965, 0, 32, 968, 0, 33, 1040, 0, 46, 1445, 0, 44, 1109, 0, 24, 975, 0, 40, 1189, 0, 36, 963, 0, 38, 961, 0, 34, 967, 0, 35, 965, 0, 40, 959, 0, 31, 969, 0, 39, 1260, 0, 25, 975, 0, 39, 959, 0, 33, 966, 0, 31, 968, 0, 45, 954, 0, 24, 975, 0, 35, 965, 0, 33, 965, 0, 30, 969, 0, 24, 976, 0, 33, 966, 0, 35, 964, 0, 36, 1310, 0, 55, 1231, 0, 30, 970, 0, 28, 972, 0, 32, 968, 0, 43, 956, 0, 47, 1102, 0, 34, 966, 0, 38, 962, 0, 35, 1020, 0, 29, 1049, 0, 21, 1040, 0, 40, 1285, 0, 48, 950, 0, 34, 964, 0, 47, 953, 0, 40, 1028
0, 43, 955, 0, 44, 955, 0, 30, 970, 0, 40, 959, 0, 39, 961, 0, 31, 968, 0, 52, 1175, 0, 32, 967, 0, 32, 968, 0, 26, 1047, 0, 41, 1450, 0, 44, 1109, 0, 22, 977, 0, 39, 1190, 0, 34, 965, 0, 36, 963, 0, 33, 968, 0, 32, 968, 0, 36, 963, 0, 27, 973, 0, 37, 1262, 0, 25, 975, 0, 36, 962, 0, 32, 967, 0, 31, 968, 0, 43, 956, 0, 23, 976, 0, 34, 966, 0, 31, 967, 0, 27, 972, 0, 22, 978, 0, 32, 967, 0, 33, 966, 0, 35, 1311, 0, 51, 1235, 0, 30, 970, 0, 26, 974, 0, 30, 970, 0, 42, 957, 0, 46, 1103, 0, 29, 971, 0, 37, 963, 0, 34, 1021, 0, 29, 1049, 0, 20, 1041, 0, 39, 1286, 0, 43, 955, 0, 33, 965, 0, 45, 955, 0, 38, 1030
0, 41, 957, 0, 42, 957, 0, 29, 971, 0, 40, 959, 0, 35, 965, 0, 30, 969, 0, 48, 1179, 0, 30, 969, 0, 31, 969, 0, 24, 1049, 0, 41, 1450, 0, 41, 1112, 0, 22, 977, 0, 35, 1194, 0, 32, 967, 0, 35, 964, 0, 32, 969, 0, 32, 968, 0, 34, 965, 0, 24, 976, 0, 36, 1263, 0, 24, 976, 0, 34, 964, 0, 32, 967, 0, 28, 971, 0, 36, 963, 0, 23, 976, 0, 33, 967, 0, 31, 967, 0, 25, 974, 0, 22, 978, 0, 32, 967, 0, 32, 967, 0, 35, 1311, 0, 48, 1238, 0, 28, 972, 0, 25, 975, 0, 28, 972, 0, 40, 959, 0, 42, 1107, 0, 28, 972, 0, 33, 967, 0, 32, 1023, 0, 29, 1049, 0, 19, 1042, 0, 38, 1287, 0, 39, 959, 0, 33, 965, 0, 42, 958, 0, 36, 1032
0, 40, 958, 0, 41, 958, 0, 28, 972, 0, 39, 960, 0, 34, 966, 0, 29, 970, 0, 45, 1182, 0, 29, 970, 0, 30, 970, 0, 24, 1049, 0, 39, 1452, 0, 38, 1115, 0, 20, 979, 0, 32, 1197, 0, 32, 967, 0, 31, 968, 0, 31, 970, 0, 30, 970, 0, 31, 968, 0, 24, 976, 0, 34, 1265, 0, 23, 977, 0, 34, 964, 0, 29, 970, 0, 28, 971, 0, 35, 964, 0, 23, 976, 0, 31, 969, 0, 30, 968, 0, 25, 974, 0, 19, 981, 0, 32, 967, 0, 31, 968, 0, 31, 1315, 0, 45, 1241, 0, 27, 973, 0, 23, 977, 0, 25, 975, 0, 35, 964, 0, 36, 1113, 0, 28, 972, 0, 30, 970, 0, 31, 1024, 0, 28, 1050, 0, 19, 1042, 0, 38, 1287, 0, 37, 961, 0, 30, 968, 0, 39, 961, 0, 31, 1037
0, 38, 960, 0, 37, 962, 0, 27, 973, 0, 37, 962, 0, 32, 968, 0, 28, 971, 0, 42, 1185, 0, 27, 972, 0, 28, 972, 0, 24, 1049, 0, 38, 1453, 0, 37, 1116, 0, 18, 981, 0, 31, 1198, 0, 31, 968, 0, 30, 969, 0, 29, 972, 0, 29, 971, 0, 29, 970, 0, 21, 979, 0, 33, 1266, 0, 22, 978, 0, 32, 966, 0, 25, 974, 0, 27, 972, 0, 35, 964, 0, 21, 978, 0, 31, 969, 0, 29, 969, 0, 23, 976, 0, 17, 983, 0, 31, 968, 0, 29, 970, 0, 28, 1318, 0, 42, 1244, 0, 27, 973, 0, 21, 979, 0, 22, 978, 0, 34, 965, 0, 34, 1115, 0, 28, 972, 0, 27, 973, 0, 30, 1025, 0, 27, 1051, 0, 19, 1042, 0, 36, 1289, 0, 37, 961, 0, 28, 970, 0, 36, 964, 0, 28, 1040
0, 37, 961, 0, 35, 964, 0, 27, 973, 0, 36, 963, 0, 29, 971, 0, 28, 971, 0, 39, 1188, 0, 27, 972, 0, 28, 972, 0, 24, 1049, 0, 37, 1454, 0, 36, 1117, 0, 17, 982, 0, 30, 1199, 0, 30, 969, 0, 29, 970, 0, 27, 974, 0, 27, 973, 0, 27, 972, 0, 18, 982, 0, 33, 1266, 0, 21, 979, 0, 30, 968, 0, 22, 977, 0, 27, 972, 0, 35, 964, 0, 21, 978, 0, 30, 970, 0, 27, 971, 0, 21, 978, 0, 17, 983, 0, 29, 970, 0, 28, 971, 0, 26, 1320, 0, 39, 1247, 0, 25, 975, 0, 20, 980, 0, 20, 980, 0, 30, 969, 0, 30, 1119, 0, 28, 972, 0, 27, 973, 0, 28, 1027, 0, 27, 1051, 0, 17, 1044, 0, 34, 1291, 0, 36, 962, 0, 28, 970, 0, 34, 966, 0, 27, 1041
0, 35, 963, 0, 32, 967, 0, 26, 974, 0, 35, 964, 0, 28, 972, 0, 27, 972, 0, 38, 1189, 0, 26, 973, 0, 28, 972, 0, 21, 1052, 0, 34, 1457, 0, 33, 1120, 0, 16, 983, 0, 29, 1200, 0, 30, 969, 0, 28, 971, 0, 27, 974, 0, 25, 975, 0, 24, 975, 0, 18, 982, 0, 29, 1270, 0, 20, 980, 0, 27, 971, 0, 20, 979, 0, 27, 972, 0, 33, 966, 0, 20, 979, 0, 30, 970, 0, 27, 971, 0, 21, 978, 0, 15, 985, 0, 28, 971, 0, 28, 971, 0, 23, 1323, 0, 38, 1248, 0, 25, 975, 0, 17, 983, 0, 18, 982, 0, 30, 969, 0, 28, 1121, 0, 26, 974, 0, 26, 974, 0, 26, 1029, 0, 26, 1052, 0, 14, 1047, 0, 34, 1291, 0, 36, 962, 0, 26, 972, 0, 32, 968, 0, 26, 1042
0, 29, 969, 0, 29, 970, 0, 25, 975, 0, 34, 965, 0, 27, 973, 0, 24, 975, 0, 37, 1190, 0, 25, 974, 0, 27, 973, 0, 21, 1052, 0, 33, 1458, 0, 31, 1122, 0, 15, 984, 0, 28, 1201, 0, 29, 970, 0, 25, 974, 0, 27, 974, 0, 24, 976, 0, 23, 976, 0, 18, 982, 0, 28, 1271, 0, 20, 980, 0, 24, 974, 0, 19, 980, 0, 27, 972, 0, 32, 967, 0, 20, 979, 0, 27, 973, 0, 25, 973, 0, 20, 979, 0, 15, 985, 0, 25, 974, 0, 27, 972, 0, 22, 1324, 0, 36, 1250, 0, 25, 975, 0, 17, 983, 0, 17, 983, 0, 29, 970, 0, 27, 1122, 0, 24, 976, 0, 25, 975, 0, 25, 1030, 0, 24, 1054, 0, 14, 1047, 0, 32, 1293, 0, 36, 962, 0, 24, 974, 0, 32, 968, 0, 24, 1044
0, 28, 970, 0, 27, 972, 0, 23, 977, 0, 33, 966, 0, 25, 975, 0, 24, 975, 0, 35, 1192, 0, 23, 976, 0, 25, 975, 0, 21, 1052, 0, 29, 1462, 0, 29, 1124, 0, 14, 985, 0, 28, 1201, 0, 27, 972, 0, 23, 976, 0, 27, 974, 0, 22, 978, 0, 22, 977, 0, 18, 982, 0, 28, 1271, 0, 19, 981, 0, 22, 976, 0, 16, 983, 0, 23, 976, 0, 32, 967, 0, 19, 980, 0, 26, 974, 0, 23, 975, 0, 19, 980, 0, 15, 985, 0, 24, 975, 0, 26, 973, 0, 21, 1325, 0, 36, 1250, 0, 23, 977, 0, 16, 984, 0, 15, 985, 0, 28, 971, 0, 26, 1123, 0, 22, 978, 0, 24, 976, 0, 25, 1030, 0, 23, 1055, 0, 14, 1047, 0, 29, 1296, 0, 36, 962, 0, 24, 974, 0, 31, 969, 0, 23, 1045
0, 26, 972, 0, 27, 972, 0, 23, 977, 0, 32, 967, 0, 24, 976, 0, 24, 975, 0, 34, 1193, 0, 22, 977, 0, 23, 977, 0, 21, 1052, 0, 29, 1462, 0, 29, 1124, 0, 14, 985, 0, 27, 1202, 0, 24, 975, 0, 21, 978, 0, 27, 974, 0, 21, 979, 0, 21, 978, 0, 18, 982, 0, 24, 1275, 0, 18, 982, 0, 22, 976, 0, 13, 986, 0, 23, 976, 0, 32, 967, 0, 14, 985, 0, 25, 975, 0, 23, 975, 0, 18, 981, 0, 15, 985, 0, 21, 978, 0, 24, 975, 0, 18, 1328, 0, 35, 1251, 0, 21, 979, 0, 15, 985, 0, 14, 986, 0, 26, 973, 0, 25, 1124, 0, 22, 978, 0, 21, 979, 0, 24, 1031, 0, 23, 1055, 0, 13, 1048, 0, 28, 1297, 0, 35, 963, 0, 23, 975, 0, 31, 969, 0, 23, 1045
0, 26, 972, 0, 26, 973, 0, 21, 979, 0, 29, 970, 0, 21, 979, 0, 23, 976, 0, 33, 1194, 0, 22, 977, 0, 22, 978, 0, 21, 1052, 0, 28, 1463, 0, 27, 1126, 0, 14, 985, 0, 26, 1203, 0, 24, 975, 0, 21, 978, 0, 26, 975, 0, 18, 982, 0, 21, 978, 0, 17, 983, 0, 23, 1276, 0, 17, 983, 0, 22, 976, 0, 12, 987, 0, 23, 976, 0, 31, 968, 0, 13, 986, 0, 25, 975, 0, 23, 975, 0, 16, 983, 0, 15, 985, 0, 21, 978, 0, 23, 976, 0, 18, 1328, 0, 33, 1253, 0, 19, 981, 0, 15, 985, 0, 14, 986, 0, 24, 975, 0, 24, 1125, 0, 22, 978, 0, 20, 980, 0, 21, 1034, 0, 20, 1058, 0, 13, 1048, 0, 27, 1298, 0, 33, 965, 0, 22, 976, 0, 30, 970, 0, 21, 1047
0, 26, 972, 0, 24, 975, 0, 20, 980, 0, 27, 972, 0, 21, 979, 0, 20, 979, 0, 33, 1194, 0, 21, 978, 0, 19, 981, 0, 21, 1052, 0, 28, 1463, 0, 27, 1126, 0, 13, 986, 0, 25, 1204, 0, 24, 975, 0, 20, 979, 0, 23, 978, 0, 18, 982, 0, 20, 979, 0, 17, 983, 0, 23, 1276, 0, 17, 983, 0, 22, 976, 0, 10, 989, 0, 23, 976, 0, 29, 970, 0, 12, 987, 0, 23, 977, 0, 23, 975, 0, 15, 984, 0, 15, 985, 0, 18, 981, 0, 19, 980, 0, 18, 1328, 0, 30, 1256, 0, 17, 983, 0, 14, 986, 0, 14, 986, 0, 23, 976, 0, 23, 1126, 0, 22, 978, 0, 19, 981, 0, 21, 1034, 0, 18, 1060, 0, 12, 1049, 0, 23, 1302, 0, 31, 967, 0, 22, 976, 0, 28, 972, 0, 20, 1048
0, 26, 972, 0, 24, 975, 0, 20, 980, 0, 26, 973, 0, 20, 980, 0, 19, 980, 0, 30, 1197, 0, 19, 980, 0, 18, 982, 0, 19, 1054, 0, 26, 1465, 0, 27, 1126, 0, 11, 988, 0, 25, 1204, 0, 23, 976, 0, 19, 980, 0, 20, 981, 0, 17, 983, 0, 19, 980, 0, 16, 984, 0, 21, 1278, 0, 17, 983, 0, 21, 977, 0, 8, 991, 0, 22, 977, 0, 28, 971, 0, 11, 988, 0, 21, 979, 0, 21, 977, 0, 15, 984, 0, 15, 985, 0, 17, 982, 0, 17, 982, 0, 17, 1329, 0, 29, 1257, 0, 17, 983, 0, 13, 987, 0, 14, 986, 0, 22, 977, 0, 22, 1127, 0, 21, 979, 0, 17, 983, 0, 21, 1034, 0, 17, 1061, 0, 12, 1049, 0, 23, 1302, 0, 30, 968, 0, 21, 977, 0, 27, 973, 0, 20, 1048
0, 26, 972, 0, 23, 976, 0, 20, 980, 0, 25, 974, 0, 19, 981, 0, 18, 981, 0, 30, 1197, 0, 19, 980, 0, 18, 982, 0, 18, 1055, 0, 24, 1467, 0, 23, 1130, 0, 11, 988, 0, 22, 1207, 0, 21, 978, 0, 17, 982, 0, 19, 982, 0, 17, 983, 0, 17, 982, 0, 16, 984, 0, 20, 1279, 0, 16, 984, 0, 20, 978, 0, 8, 991, 0, 21, 978, 0, 28, 971, 0, 9, 990, 0, 19, 981, 0, 21, 977, 0, 15, 984, 0, 15, 985, 0, 15, 984, 0, 15, 984, 0, 15, 1331, 0, 26, 1260, 0, 17, 983, 0, 12, 988, 0, 14, 986, 0, 21, 978, 0, 20, 1129, 0, 19, 981, 0, 17, 983, 0, 18, 1037, 0, 16, 1062, 0, 11, 1050, 0, 22, 1303, 0, 27, 971, 0, 20, 978, 0, 24, 976, 0, 19, 1049
0, 25, 973, 0, 22, 977, 0, 18, 982, 0, 23, 976, 0, 18, 982, 0, 17, 982, 0, 29, 1198, 0, 18, 981, 0, 17, 983, 0, 17, 1056, 0, 22, 1469, 0, 21, 1132, 0, 11, 988, 0, 20, 1209, 0, 21, 978, 0, 17, 982, 0, 18, 983, 0, 17, 983, 0, 17, 982, 0, 16, 984, 0, 19, 1280, 0, 15, 985, 0, 19, 979, 0, 8, 991, 0, 20, 979, 0, 28, 971, 0, 9, 990, 0, 19, 981, 0, 21, 977, 0, 15, 984, 0, 14, 986, 0, 14, 985, 0, 15, 984, 0, 14, 1332, 0, 26, 1260, 0, 17, 983, 0, 12, 988, 0, 13, 987, 0, 21, 978, 0, 20, 1129, 0, 19, 981, 0, 17, 983, 0, 17, 1038, 0, 14, 1064, 0, 11, 1050, 0, 19, 1306, 0, 25, 973, 0, 19, 979, 0, 24, 976, 0, 19, 1049
0, 24, 974, 0, 21, 978, 0, 17, 983, 0, 23, 976, 0, 18, 982, 0, 17, 982, 0, 29, 1198, 0, 18, 981, 0, 16, 984, 0, 15, 1058, 0, 21, 1470, 0, 19, 1134, 0, 10, 989, 0, 20, 1209, 0, 20, 979, 0, 16, 983, 0, 17, 984, 0, 16, 984, 0, 16, 983, 0, 15, 985, 0, 17, 1282, 0, 15, 985, 0, 17, 981, 0, 7, 992, 0, 20, 979, 0, 27, 972, 0, 9, 990, 0, 19, 981, 0, 19, 979, 0, 14, 985, 0, 14, 986, 0, 13, 986, 0, 15, 984, 0, 14, 1332, 0, 24, 1262, 0, 17, 983, 0, 12, 988, 0, 13, 987, 0, 18, 981, 0, 19, 1130, 0, 19, 981, 0, 17, 983, 0, 16, 1039, 0, 14, 1064, 0, 11, 1050, 0, 19, 1306, 0, 23, 975, 0, 18, 980, 0, 23, 977, 0, 19, 1049
0, 24, 974, 0, 20, 979, 0, 16, 984, 0, 23, 976, 0, 16, 984, 0, 17, 982, 0, 28, 1199, 0, 17, 982, 0, 15, 985, 0, 15, 1058, 0, 21, 1470, 0, 19, 1134, 0, 10, 989, 0, 20, 1209, 0, 17, 982, 0, 15, 984, 0, 17, 984, 0, 15, 985, 0, 15, 984, 0, 15, 985, 0, 17, 1282, 0, 15, 985, 0, 15, 983, 0, 7, 992, 0, 19, 980, 0, 26, 973, 0, 8, 991, 0, 18, 982, 0, 19, 979, 0, 14, 985, 0, 12, 988, 0, 12, 987, 0, 14, 985, 0, 13, 1333, 0, 24, 1262, 0, 16, 984, 0, 12, 988, 0, 11, 989, 0, 18, 981, 0, 19, 1130, 0, 17, 983, 0, 16, 984, 0, 16, 1039, 0, 12, 1066, 0, 11, 1050, 0, 18, 1307, 0, 22, 976, 0, 14, 984, 0, 22, 978, 0, 18, 1050
0, 24, 974, 0, 20, 979, 0, 16, 984, 0, 23, 976, 0, 16, 984, 0, 17, 982, 0, 25, 1202, 0, 16, 983, 0, 12, 988, 0, 15, 1058, 0, 19, 1472, 0, 19, 1134, 0, 9, 990, 0, 19, 1210, 0, 16, 983, 0, 13, 986, 0, 17, 984, 0, 14, 986, 0, 13, 986, 0, 15, 985, 0, 16, 1283, 0, 15, 985, 0, 14, 984, 0, 6, 993, 0, 19, 980, 0, 25, 974, 0, 7, 992, 0, 17, 983, 0, 18, 980, 0, 14, 985, 0, 12, 988, 0, 12, 987, 0, 13, 986, 0, 13, 1333, 0, 22, 1264, 0, 15, 985, 0, 11, 989, 0, 11, 989, 0, 16, 983, 0, 19, 1130, 0, 17, 983, 0, 15, 985, 0, 14, 1041, 0, 12, 1066, 0, 11, 1050, 0, 18, 1307, 0, 22, 976, 0, 14, 984, 0, 22, 978, 0, 18, 1050
0, 24, 974, 0, 20, 979, 0, 16, 984, 0, 23, 976, 0, 16, 984, 0, 16, 983, 0, 25, 1202, 0, 16, 983, 0, 11, 989, 0, 14, 1059, 0, 18, 1473, 0, 18, 1135, 0, 9, 990, 0, 18, 1211, 0, 16, 983, 0, 12, 987, 0, 16, 985, 0, 14, 986, 0, 13, 986, 0, 15, 985, 0, 15, 1284, 0, 14, 986, 0, 12, 986, 0, 6, 993, 0, 18, 981, 0, 23, 976, 0, 7, 992, 0, 16, 984, 0, 17, 981, 0, 12, 987, 0, 12, 988, 0, 12, 987, 0, 13, 986, 0, 12, 1334, 0, 21, 1265, 0, 15, 985, 0, 11, 989, 0, 11, 989, 0, 15, 984, 0, 18, 1131, 0, 17, 983, 0, 11, 989, 0, 13, 1042, 0, 11, 1067, 0, 10, 1051, 0, 17, 1308, 0, 22, 976, 0, 14, 984, 0, 19, 981, 0, 18, 1050
0, 24, 974, 0, 19, 980, 0, 16, 984, 0, 19, 980, 0, 16, 984, 0, 16, 983, 0, 22, 1205, 0, 14, 985, 0, 11, 989, 0, 13, 1060, 0, 17, 1474, 0, 18, 1135, 0, 9, 990, 0, 18, 1211, 0, 14, 985, 0, 11, 988, 0, 16, 985, 0, 14, 986, 0, 13, 986, 0, 14, 986, 0, 15, 1284, 0, 14, 986, 0, 11, 987, 0, 5, 994, 0, 16, 983, 0, 22, 977, 0, 7, 992, 0, 16, 984, 0, 16, 982, 0, 11, 988, 0, 12, 988, 0, 12, 987, 0, 13, 986, 0, 12, 1334, 0, 21, 1265, 0, 14, 986, 0, 11, 989, 0, 11, 989, 0, 15, 984, 0, 17, 1132, 0, 17, 983, 0, 11, 989, 0, 12, 1043, 0, 10, 1068, 0, 10, 1051, 0, 17, 1308, 0, 21, 977, 0, 13, 985, 0, 19, 981, 0, 16, 1052
0, 24, 974, 0, 17, 982, 0, 16, 984, 0, 18, 981, 0, 16, 984, 0, 15, 984, 0, 21, 1206, 0, 14, 985, 0, 9, 991, 0, 13, 1060, 0, 17, 1474, 0, 18, 1135, 0, 8, 991, 0, 16, 1213, 0, 13, 986, 0, 10, 989, 0, 16, 985, 0, 12, 988, 0, 13, 986, 0, 14, 986, 0, 15, 1284, 0, 14, 986, 0, 11, 987, 0, 4, 995, 0, 15, 984, 0, 21, 978, 0, 6, 993, 0, 16, 984, 0, 16, 982, 0, 10, 989, 0, 11, 989, 0, 12, 987, 0, 13, 986, 0, 11, 1335, 0, 18, 1268, 0, 13, 987, 0, 11, 989, 0, 9, 991, 0, 15, 984, 0, 16, 1133, 0, 17, 983, 0, 9, 991, 0, 12, 1043, 0, 10, 1068, 0, 10, 1051, 0, 16, 1309, 0, 20, 978, 0, 13, 985, 0, 19, 981, 0, 16, 1052
0, 24, 974, 0, 17, 982, 0, 15, 985, 0, 16, 983, 0, 15, 985, 0, 13, 986, 0, 19, 1208, 0, 13, 986, 0, 9, 991, 0, 13, 1060, 0, 17, 1474, 0, 17, 1136, 0, 8, 991, 0, 15, 1214, 0, 13, 986, 0, 9, 990, 0, 16, 985, 0, 12, 988, 0, 12, 987, 0, 14, 986, 0, 15, 1284, 0, 13, 987, 0, 11, 987, 0, 3, 996, 0, 14, 985, 0, 20, 979, 0, 6, 993, 0, 16, 984, 0, 16, 982, 0, 9, 990, 0, 10, 990, 0, 11, 988, 0, 13, 986, 0, 11, 1335, 0, 17, 1269, 0, 13, 987, 0, 11, 989, 0, 9, 991, 0, 13, 986, 0, 16, 1133, 0, 17, 983, 0, 9, 991, 0, 12, 1043, 0, 10, 1068, 0, 9, 1052, 0, 16, 1309, 0, 19, 979, 0, 13, 985, 0, 17, 983, 0, 15, 1053
0, 22, 976, 0, 17, 982, 0, 15, 985, 0, 15, 984, 0, 14, 986, 0, 12, 987, 0, 18, 1209, 0, 12, 987, 0, 9, 991, 0, 12, 1061, 0, 16, 1475, 0, 16, 1137, 0, 8, 991, 0, 15, 1214, 0, 13, 986, 0, 8, 991, 0, 16, 985, 0, 10, 990, 0, 12, 987, 0, 13, 987, 0, 15, 1284, 0, 13, 987, 0, 11, 987, 0, 3, 996, 0, 13, 986, 0, 18, 981, 0, 6, 993, 0, 16, 984, 0, 15, 983, 0, 8, 991, 0, 9, 991, 0, 9, 990, 0, 13, 986, 0, 11, 1335, 0, 17, 1269, 0, 12, 988, 0, 11, 989, 0, 8, 992, 0, 13, 986, 0, 15, 1134, 0, 17, 983, 0, 8, 992, 0, 12, 1043, 0, 10, 1068, 0, 8, 1053, 0, 16, 1309, 0, 18, 980, 0, 13, 985, 0, 17, 983, 0, 14, 1054
0, 22, 976, 0, 16, 983, 0, 15, 985, 0, 13, 986, 0, 14, 986, 0, 12, 987, 0, 16, 1211, 0, 12, 987, 0, 9, 991, 0, 12, 1061, 0, 14, 1477, 0, 16, 1137, 0, 8, 991, 0, 15, 1214, 0, 13, 986, 0, 8, 991, 0, 16, 985, 0, 9, 991, 0, 12, 987, 0, 13, 987, 0, 15, 1284, 0, 13, 987, 0, 10, 988, 0, 3, 996, 0, 13, 986, 0, 17, 982, 0, 6, 993, 0, 14, 986, 0, 13, 985, 0, 5, 994, 0, 9, 991, 0, 7, 992, 0, 12, 987, 0, 9, 1337, 0, 17, 1269, 0, 10, 990, 0, 11, 989, 0, 7, 993, 0, 13, 986, 0, 15, 1134, 0, 16, 984, 0, 8, 992, 0, 12, 1043, 0, 10, 1068, 0, 7, 1054, 0, 16, 1309, 0, 16, 982, 0, 12, 986, 0, 14, 986, 0, 14, 1054
0, 21, 977, 0, 15, 984, 0, 15, 985, 0, 13, 986, 0, 12, 988, 0, 12, 987, 0, 16, 1211, 0, 12, 987, 0, 9, 991, 0, 12, 1061, 0, 12, 1479, 0, 16, 1137, 0, 8, 991, 0, 14, 1215, 0, 13, 986, 0, 8, 991, 0, 16, 985, 0, 9, 991, 0, 11, 988, 0, 13, 987, 0, 13, 1286, 0, 12, 988, 0, 10, 988, 0, 3, 996, 0, 13, 986, 0, 16, 983, 0, 6, 993, 0, 14, 986, 0, 13, 985, 0, 5, 994, 0, 9, 991, 0, 6, 993, 0, 12, 987, 0, 9, 1337, 0, 17, 1269, 0, 10, 990, 0, 10, 990, 0, 7, 993, 0, 13, 986, 0, 15, 1134, 0, 15, 985, 0, 8, 992, 0, 12, 1043, 0, 10, 1068, 0, 7, 1054, 0, 13, 1312, 0, 14, 984, 0, 12, 986, 0, 13, 987, 0, 13, 1055
0, 20, 978, 0, 14, 985, 0, 15, 985, 0, 11, 988, 0, 12, 988, 0, 12, 987, 0, 16, 1211, 0, 12, 987, 0, 9, 991, 0, 12, 1061, 0, 12, 1479, 0, 16, 1137, 0, 8, 991, 0, 13, 1216, 0, 11, 988, 0, 8, 991, 0, 15, 986, 0, 9, 991, 0, 10, 989, 0, 12, 988, 0, 13, 1286, 0, 11, 989, 0, 9, 989, 0, 2, 997, 0, 12, 987, 0, 15, 984, 0, 5, 994, 0, 14, 986, 0, 12, 986, 0, 4, 995, 0, 7, 993, 0, 6, 993, 0, 12, 987, 0, 8, 1338, 0, 16, 1270, 0, 10, 990, 0, 9, 991, 0, 6, 994, 0, 12, 987, 0, 14, 1135, 0, 14, 986, 0, 8, 992, 0, 11, 1044, 0, 9, 1069, 0, 5, 1056, 0, 12, 1313, 0, 13, 985, 0, 12, 986, 0, 13, 987, 0, 12, 1056
0, 20, 978, 0, 14, 985, 0, 14, 986, 0, 11, 988, 0, 12, 988, 0, 11, 988, 0, 16, 1211, 0, 12, 987, 0, 8, 992, 0, 12, 1061, 0, 12, 1479, 0, 13, 1140, 0, 7, 992, 0, 13, 1216, 0, 9, 990, 0, 8, 991, 0, 15, 986, 0, 9, 991, 0, 10, 989, 0, 12, 988, 0, 13, 1286, 0, 11, 989, 0, 9, 989, 0, 2, 997, 0, 11, 988, 0, 14, 985, 0, 5, 994, 0, 13, 987, 0, 12, 986, 0, 4, 995, 0, 7, 993, 0, 6, 993, 0, 10, 989, 0, 7, 1339, 0, 16, 1270, 0, 10, 990, 0, 9, 991, 0, 6, 994, 0, 11, 988, 0, 13, 1136, 0, 14, 986, 0, 8, 992, 0, 11, 1044, 0, 8, 1070, 0, 5, 1056, 0, 11, 1314, 0, 13, 985, 0, 11, 987, 0, 12, 988, 0, 11, 1057
0, 19, 979, 0, 14, 985, 0, 12, 988, 0, 10, 989, 0, 12, 988, 0, 9, 990, 0, 16, 1211, 0, 12, 987, 0, 8, 992, 0, 11, 1062, 0, 12, 1479, 0, 13, 1140, 0, 7, 992, 0, 13, 1216, 0, 8, 991, 0, 7, 992, 0, 15, 986, 0, 8, 992, 0, 10, 989, 0, 9, 991, 0, 13, 1286, 0, 11, 989, 0, 7, 991, 0, 2, 997, 0, 9, 990, 0, 14, 985, 0, 5, 994, 0, 13, 987, 0, 12, 986, 0, 4, 995, 0, 7, 993, 0, 6, 993, 0, 10, 989, 0, 7, 1339, 0, 15, 1271, 0, 10, 990, 0, 8, 992, 0, 6, 994, 0, 10, 989, 0, 13, 1136, 0, 14, 986, 0, 8, 992, 0, 10, 1045, 0, 8, 1070, 0, 5, 1056, 0, 10, 1315, 0, 13, 985, 0, 11, 987, 0, 12, 988, 0, 11, 1057
0, 18, 980, 0, 14, 985, 0, 12, 988, 0, 10, 989, 0, 10, 990, 0, 9, 990, 0, 15, 1212, 0, 12, 987, 0, 8, 992, 0, 11, 1062, 0, 12, 1479, 0, 13, 1140, 0, 7, 992, 0, 13, 1216, 0, 7, 992, 0, 7, 992, 0, 15, 986, 0, 8, 992, 0, 10, 989, 0, 9, 991, 0, 12, 1287, 0, 11, 989, 0, 7, 991, 0, 2, 997, 0, 9, 990, 0, 14, 985, 0, 5, 994, 0, 11, 989, 0, 12, 986, 0, 4, 995, 0, 7, 993, 0, 6, 993, 0, 10, 989, 0, 7, 1339, 0, 15, 1271, 0, 10, 990, 0, 8, 992, 0, 6, 994, 0, 10, 989, 0, 12, 1137, 0, 14, 986, 0, 8, 992, 0, 8, 1047, 0, 8, 1070, 0, 5, 1056, 0, 10, 1315, 0, 11, 987, 0, 10, 988, 0, 11, 989, 0, 10, 1058
